imdb_id,fecha,nota
tt10374610,2026-09-04,7
tt33764258,2026-09-01,9
tt33028778,2026-08-23,6
tt21103218,2026-08-20,5
tt0047478,2026-08-20,8
tt0116282,2026-08-19,6
tt0042876,2026-08-18,7
tt4094724,2026-08-18,5
tt13833688,2026-08-08,7
tt0816692,2026-08-06,9
tt27543632,2026-08-06,7
tt12042730,2026-08-06,7
tt9253284,2026-07-31,8
tt3521164,2026-07-26,7
tt0104431,2026-07-26,6
tt8367814,2026-07-26,7
tt0317219,2026-07-26,7
tt1411697,2026-07-26,6
tt0096874,2026-07-26,7
tt0829482,2026-07-26,8
tt0099785,2026-07-26,8
tt11378946,2026-07-25,7
tt31050594,2026-07-25,4
tt14905854,2026-07-25,7
tt0363988,2026-07-21,7
tt0452608,2026-07-21,5
tt4779682,2026-07-21,5
tt0146316,2026-07-21,6
tt0370263,2026-07-21,6
tt6806448,2026-07-21,6
tt7144666,2026-07-21,6
tt5034838,2026-07-21,6
tt1440129,2026-07-21,5
tt0259324,2026-07-21,4
tt0120660,2026-07-21,7
tt1148204,2026-07-21,7
tt3235888,2026-07-21,7
tt2302755,2026-07-21,6
tt0289765,2026-07-21,7
tt3464902,2026-07-21,6
tt10954984,2026-07-21,7
tt0884328,2026-07-21,6
tt0496806,2026-07-21,6
tt12801262,2026-07-21,6
tt0120630,2026-07-21,6
tt0949731,2026-07-21,5
tt0181865,2026-07-21,7
tt0117665,2026-07-21,7
tt22022452,2026-07-21,7
tt9777666,2026-07-21,6
tt0099653,2026-07-21,7
tt2321549,2026-07-21,8
tt1189340,2026-07-21,6
tt0087538,2026-07-21,7
tt0335345,2026-07-21,6
tt0092890,2026-07-21,6
tt0117381,2026-07-21,7
tt0072890,2026-07-21,6
tt0955308,2026-07-21,6
tt0368447,2026-07-21,8
tt3402236,2026-07-21,6
tt8332922,2026-07-21,6
tt1312221,2026-07-21,7
tt1152836,2026-07-21,6
tt0112384,2026-07-21,7
tt0278504,2026-07-21,6
tt9243946,2026-07-21,7
tt0094226,2026-07-21,7
tt1231583,2026-07-21,6
tt0389860,2026-07-21,6
tt2798920,2026-07-21,6
tt0408236,2026-07-21,6
tt0286106,2026-07-21,7
tt1587310,2026-07-21,6
tt0454848,2026-07-21,7
tt2948372,2026-07-21,7
tt1568346,2026-07-21,6
tt0092099,2026-07-21,6
tt0314331,2026-07-21,7
tt1570728,2026-07-21,6
tt1024648,2026-07-21,7
tt8946378,2026-07-21,7
tt9603212,2026-07-21,7
tt0120812,2026-07-21,6
tt0293662,2026-07-21,7
tt0453467,2026-07-21,6
tt1037705,2026-07-21,7
tt0116367,2026-07-21,7
tt0163025,2026-07-21,5
tt3606756,2026-07-21,6
tt0910936,2026-07-21,7
tt0120667,2026-07-21,5
tt2788710,2026-07-21,6
tt0368891,2026-07-21,6
tt1320253,2026-07-21,8
tt0433035,2026-07-21,6
tt0438488,2026-07-21,6
tt9114286,2026-07-21,6
tt4649466,2026-07-21,7
tt1646971,2026-07-21,7
tt0317740,2026-07-21,6
tt0360486,2026-07-21,6
tt0120755,2026-07-21,6
tt1951266,2026-07-21,6
tt3799694,2026-07-21,7
tt0111257,2026-07-21,6
tt0317919,2026-07-21,6
tt0493464,2026-07-21,6
tt0181852,2026-07-21,6
tt7631058,2026-07-21,7
tt1060277,2026-07-21,6
tt2381249,2026-07-21,6
tt0265086,2026-07-21,7
tt0232500,2026-07-21,8
tt6334354,2026-07-21,6
tt10648342,2026-07-21,6
tt0831387,2026-07-21,6
tt0360717,2026-07-21,7
tt6791350,2026-07-21,7
tt0120591,2026-07-21,6
tt2382320,2026-07-21,7
tt6264654,2026-07-21,7
tt0942385,2026-07-21,6
tt2379713,2026-07-21,7
tt5095030,2026-07-21,6
tt0830515,2026-07-21,6
tt2283362,2026-07-21,6
tt0117060,2026-07-21,8
tt12593682,2026-07-21,7
tt3397884,2026-07-21,8
tt11198330,2026-07-21,8
tt1951265,2026-07-21,6
tt1477834,2026-07-21,6
tt1790864,2026-07-21,6
tt0800080,2026-07-21,6
tt1872181,2026-07-21,6
tt0356910,2026-07-21,6
tt0409459,2026-07-21,7
tt5180504,2026-07-21,7
tt0796366,2026-07-21,6
tt0116629,2026-07-21,6
tt4154664,2026-07-21,6
tt0451279,2026-07-21,6
tt3581920,2026-07-21,8
tt1074638,2026-07-21,7
tt2250912,2026-07-21,7
tt3896198,2026-07-21,8
tt1211837,2026-07-21,8
tt0458339,2026-07-21,6
tt1843866,2026-07-21,6
tt2395427,2026-07-21,8
tt0371746,2026-07-21,8
tt2015381,2026-07-21,8
tt0088247,2026-07-19,7
tt2267998,2026-07-19,7
tt0892769,2026-07-19,7
tt0084787,2026-07-19,7
tt0167404,2026-07-19,8
tt0075314,2026-07-19,8
tt0110413,2026-07-18,8
tt0253474,2026-07-18,8
tt0103064,2026-07-18,7
tt6710474,2026-07-18,7
tt0808151,2026-07-17,6
tt0356634,2026-07-17,5
tt0356150,2026-07-17,7
tt1592521,2026-07-17,7
tt0305357,2026-07-17,2
tt1375666,2026-07-17,9
tt0840361,2026-07-17,8
tt1119646,2026-07-17,9
tt1156398,2026-07-17,8
tt1197624,2026-07-17,9
tt39020004,2026-07-17,8
tt0317248,2026-07-17,10
tt0765429,2026-07-17,9
tt1591095,2026-07-17,9
tt0203009,2026-07-17,7
tt0434409,2026-07-17,7
tt0361748,2026-07-17,9
tt0209144,2026-07-17,8
tt0172495,2026-07-17,9
tt0109830,2026-07-17,9
tt0071562,2026-07-17,10
tt1242422,2026-07-17,7
tt1049413,2026-07-17,8
tt1010048,2026-07-17,7
tt0824747,2026-07-17,7
tt0421715,2026-07-17,8
tt0445691,2026-07-17,7
tt0408306,2026-07-17,7
tt0289879,2026-07-17,7
tt0338751,2026-07-17,7
tt0327056,2026-07-17,8
tt0217505,2026-07-17,8
tt0188030,2026-07-17,7
tt0120382,2026-07-17,8
tt0119217,2026-07-17,8
tt0119174,2026-07-17,7
tt0180734,2026-07-17,7
tt0416449,2026-07-17,8
tt0185906,2026-07-17,10
tt0454921,2026-07-17,8
tt0413300,2026-07-17,6
tt0478087,2026-07-17,7
tt1285016,2026-07-17,7
tt0460091,2026-07-17,7
tt0407304,2026-07-17,7
tt0324216,2026-07-17,8
tt0145487,2026-07-17,8
tt0198781,2026-07-17,8
tt0284837,2026-07-17,9
tt1057500,2026-07-17,6
tt1136608,2026-07-17,7
tt0892255,2026-07-17,4
tt0418279,2026-07-17,6
tt0430357,2026-07-17,6
tt0417148,2026-07-17,3
tt0479884,2026-07-17,7
tt0443453,2026-07-17,8
tt0385002,2026-07-17,7
tt0422272,2026-07-17,7
tt0399295,2026-07-17,8
tt0343818,2026-07-17,8
tt0363547,2026-07-17,7
tt0362227,2026-07-17,7
tt0322259,2026-07-17,8
tt0289043,2026-07-17,7
tt0298130,2026-07-17,8
tt0280590,2026-07-17,5
tt0258000,2026-07-17,5
tt0172156,2026-07-17,8
tt0295178,2026-07-17,8
tt0250258,2026-07-17,7
tt1063669,2026-07-17,7
tt0450278,2026-07-17,6
tt0101540,2026-07-17,7
tt1636826,2026-07-17,6
tt1077258,2026-07-17,6
tt0810913,2026-07-17,3
tt1924277,2026-07-17,7
tt0373074,2026-07-17,6
tt0460492,2026-07-17,6
tt0478311,2026-07-17,5
tt0187738,2026-07-17,8
tt1392170,2026-07-17,7
tt0397065,2026-07-17,8
tt0450385,2026-07-17,8
tt1038686,2026-07-17,6
tt0287978,2026-07-17,6
tt0162661,2026-07-17,7
tt0988045,2026-07-17,7
tt1605630,2026-07-17,7
tt1130884,2026-07-17,9
tt0068646,2026-07-17,9
tt1127180,2026-07-17,8
tt1778304,2026-07-17,6
tt1179904,2026-07-17,7
tt0409847,2026-07-17,6
tt1320244,2026-07-17,7
tt1560985,2026-07-17,4
tt1038988,2026-07-17,7
tt1245112,2026-07-17,7
tt0332452,2026-07-17,8
tt0448404,2026-07-17,6
tt0469641,2026-07-17,6
tt0120586,2026-07-17,8
tt0250687,2026-07-17,7
tt0814314,2026-07-17,7
tt0448157,2026-07-17,6
tt0480249,2026-07-17,8
tt0098800,2026-07-17,7
tt0483607,2026-07-17,7
tt0304711,2026-07-17,5
tt0117951,2026-07-17,7
tt0463854,2026-07-17,6
tt1649444,2026-07-17,5
tt0096697,2026-07-17,8
tt0316654,2026-07-17,7
tt0208092,2026-07-17,8
tt0407887,2026-07-17,9
tt0472198,2026-07-17,7
tt1124373,2026-07-17,8
tt0805661,2026-07-17,8
tt0120338,2026-07-17,8
tt0295297,2026-07-17,8
tt0304141,2026-07-17,7
tt0330373,2026-07-17,7
tt0417741,2026-07-17,6
tt1201607,2026-07-17,7
tt0926084,2026-07-17,6
tt0960144,2026-07-17,5
tt0273517,2026-07-17,7
tt0320661,2026-07-17,8
tt0257044,2026-07-17,9
tt1446714,2026-07-17,7
tt1490759,2026-07-17,5
tt1068680,2026-07-17,6
tt0315327,2026-07-17,7
tt0430308,2026-07-17,8
tt0298203,2026-07-17,7
tt1190080,2026-07-17,6
tt0338526,2026-07-17,6
tt0086250,2026-07-17,9
tt0348836,2026-07-17,6
tt1675434,2026-07-17,9
tt1764651,2026-07-17,7
tt1032755,2026-07-17,7
tt0377834,2026-07-17,6
tt1272013,2026-07-17,6
tt0256380,2026-07-17,7
tt0499549,2026-07-17,8
tt0281358,2026-07-17,8
tt0050825,2026-07-17,7
tt0435705,2026-07-17,4
tt0099685,2026-07-17,8
tt0808279,2026-07-17,6
tt0455957,2026-07-17,6
tt0066921,2026-07-17,8
tt1606389,2026-07-17,5
tt0137523,2026-07-17,9
tt1192628,2026-07-17,6
tt1645170,2026-07-17,6
tt1861334,2026-07-17,5
tt1017460,2026-07-17,5
tt1245526,2026-07-17,5
tt0106223,2026-07-17,5
tt0421054,2026-07-17,6
tt0118799,2026-07-17,9
tt1047931,2026-07-17,9
tt0113497,2026-07-17,8
tt0087843,2026-07-17,7
tt1436562,2026-07-17,6
tt1118687,2026-07-17,4
tt1591479,2026-07-17,7
tt0119038,2026-07-17,8
tt1409024,2026-07-17,6
tt2268617,2026-07-17,6
tt0848228,2026-07-17,8
tt0945513,2026-07-17,5
tt0477080,2026-07-17,4
tt0183649,2026-07-17,7
tt0292506,2026-07-17,6
tt0936501,2026-07-17,8
tt0119177,2026-07-17,6
tt0814022,2026-07-17,6
tt1220719,2026-07-17,8
tt1386932,2026-07-17,6
tt0265087,2026-07-17,6
tt0102926,2026-07-17,8
tt0480687,2026-07-17,6
tt0443543,2026-07-17,7
tt1520211,2026-07-17,8
tt1046173,2026-07-17,4
tt1596343,2026-07-17,7
tt0291502,2026-07-17,4
tt0780504,2026-07-17,6
tt0332280,2026-07-17,8
tt1243957,2026-07-17,5
tt0121164,2026-07-17,6
tt0482606,2026-07-17,8
tt1190634,2026-07-17,9
tt0102782,2026-07-17,5
tt0362526,2026-07-17,4
tt1637725,2026-07-17,7
tt0414852,2026-07-17,7
tt0861739,2026-07-17,7
tt0372784,2026-07-17,8
tt0107048,2026-07-17,7
tt0272152,2026-07-17,8
tt0758752,2026-07-17,6
tt0408777,2026-07-17,6
tt1217209,2026-07-17,6
tt0089755,2026-07-17,8
tt0460649,2026-07-17,8
tt0319262,2026-07-17,8
tt1205489,2026-07-17,8
tt1318514,2026-07-17,7
tt0887912,2026-07-17,7
tt1764625,2026-07-17,5
tt0252866,2026-07-16,8
tt0454876,2026-07-16,7
tt0073486,2026-07-16,7
tt0278488,2026-07-16,5
tt0488120,2026-07-16,6
tt0167190,2026-07-16,6
tt0914798,2026-07-16,8
tt1321861,2026-07-16,2
tt0914863,2026-07-16,7
tt1041829,2026-07-16,3
tt0441773,2026-07-16,7
tt0457430,2026-07-16,6
tt0386588,2026-07-16,6
tt0393162,2026-07-16,7
tt2062661,2026-07-16,1
tt0123755,2026-07-16,7
tt1298554,2026-07-16,5
tt1664010,2026-07-16,2
tt0758774,2026-07-16,7
tt0401792,2026-07-16,8
tt0120815,2026-07-16,9
tt1853728,2026-07-16,9
tt0381061,2026-07-16,7
tt1204340,2026-07-16,6
tt1286821,2026-07-16,8
tt0363276,2026-07-16,5
tt1805297,2026-07-16,4
tt0139654,2026-07-16,8
tt1276104,2026-07-16,6
tt1764234,2026-07-16,6
tt1667889,2026-07-16,6
tt0983193,2026-07-16,6
tt0113957,2026-07-16,5
tt1014759,2026-07-16,4
tt1649419,2026-07-16,8
tt1397280,2026-07-16,6
tt1735898,2026-07-16,5
tt1071780,2026-07-16,1
tt0187078,2026-07-16,6
tt0903624,2026-07-16,7
tt0181689,2026-07-16,7
tt0364970,2026-07-16,4
tt1142988,2026-07-16,6
tt0320691,2026-07-16,5
tt1605783,2026-07-16,7
tt1231587,2026-07-16,6
tt0087277,2026-07-16,3
tt0411061,2026-07-16,4
tt1345836,2026-07-16,7
tt1343727,2026-07-16,7
tt0346491,2026-07-16,5
tt1242460,2026-07-16,6
tt0310775,2026-07-16,7
tt0378194,2026-07-16,9
tt0266697,2026-07-16,9
tt1922777,2026-07-16,7
tt0206117,2026-07-16,6
tt1327194,2026-07-16,5
tt6831724,2026-07-16,5
tt2378171,2026-07-16,8
tt0081505,2026-07-16,8
tt1013752,2026-07-16,6
tt0105236,2026-07-16,8
tt1375670,2026-07-16,6
tt1905041,2026-07-16,7
tt1302011,2026-07-16,6
tt1646987,2026-07-16,4
tt0800320,2026-07-16,5
tt0120669,2026-07-16,6
tt0463985,2026-07-16,9
tt1797504,2026-07-16,6
tt1648216,2026-07-16,7
tt1099212,2026-07-16,6
tt1259571,2026-07-16,5
tt1325004,2026-07-16,5
tt1442437,2026-07-16,8
tt0948470,2026-07-16,4
tt0169547,2026-07-15,8
tt1324999,2026-07-15,6
tt1673434,2026-07-15,6
tt1800741,2026-07-15,5
tt0431021,2026-07-15,3
tt0211915,2026-07-15,8
tt0381707,2026-07-15,7
tt1428538,2026-07-15,5
tt1748122,2026-07-15,7
tt0195714,2026-07-15,7
tt0978764,2026-07-15,6
tt1104001,2026-07-15,6
tt0364569,2026-07-15,8
tt0451094,2026-07-15,6
tt2109184,2026-07-15,2
tt1951261,2026-07-15,4
tt0090264,2026-07-15,3
tt1810697,2026-07-15,3
tt1323594,2026-07-15,7
tt0290002,2026-07-15,6
tt0844441,2026-07-15,8
tt1991245,2026-07-15,4
tt1385867,2026-07-15,5
tt0264616,2026-07-15,6
tt1790886,2026-07-15,5
tt0910970,2026-07-15,7
tt1189073,2026-07-15,7
tt1547234,2026-07-15,5
tt0349903,2026-07-15,4
tt0325710,2026-07-15,8
tt1228705,2026-07-15,6
tt1694020,2026-07-15,3
tt0765443,2026-07-15,7
tt0382932,2026-07-15,7
tt1186370,2026-07-15,5
tt1611224,2026-07-15,3
tt1300854,2026-07-15,6
tt0151572,2026-07-15,7
tt0963794,2026-07-15,4
tt1053859,2026-07-15,2
tt0114709,2026-07-15,8
tt0120363,2026-07-15,8
tt0329101,2026-07-15,5
tt1179056,2026-07-15,6
tt0758746,2026-07-15,5
tt0120891,2026-07-15,6
tt0348150,2026-07-15,5
tt1298650,2026-07-15,6
tt0449088,2026-07-15,7
tt0117008,2026-07-15,6
tt0430454,2026-07-15,4
tt1614989,2026-07-15,6
tt0109506,2026-07-15,6
tt0120903,2026-07-15,6
tt0290334,2026-07-15,6
tt0795461,2026-07-15,4
tt0376994,2026-07-15,6
tt1343092,2026-07-15,8
tt1907668,2026-07-15,7
tt0175142,2026-07-15,8
tt0129387,2026-07-15,7
tt0477348,2026-07-15,7
tt1706593,2026-07-15,6
tt0363163,2026-07-15,8
tt0264464,2026-07-15,8
tt0213149,2026-07-15,8
tt0126029,2026-07-15,8
tt1815862,2026-07-15,4
tt2334879,2026-07-15,5
tt1403865,2026-07-15,6
tt0113247,2026-07-15,8
tt0822854,2026-07-15,6
tt1045658,2026-07-15,7
tt1179891,2026-07-15,6
tt0446013,2026-07-15,4
tt0120657,2026-07-15,8
tt1453405,2026-07-15,7
tt0280486,2026-07-15,6
tt1925431,2026-07-15,3
tt0384537,2026-07-15,6
tt2184339,2026-07-15,7
tt1210042,2026-07-15,7
tt1588173,2026-07-15,6
tt0386676,2026-07-15,10
tt2357129,2026-07-15,6
tt0944835,2026-07-15,6
tt1843202,2026-07-15,4
tt0099385,2026-07-15,5
tt1718199,2026-07-15,5
tt0120587,2026-07-15,6
tt0120623,2026-07-15,7
tt1535108,2026-07-15,7
tt0484562,2026-07-15,3
tt1634121,2026-07-15,3
tt1457767,2026-07-15,9
tt1690953,2026-07-15,7
tt0413099,2026-07-15,5
tt1691917,2026-07-15,5
tt1650554,2026-07-15,6
tt1245492,2026-07-14,5
tt0091605,2026-07-14,6
tt0094641,2026-07-14,9
tt0464141,2026-07-14,6
tt1407050,2026-07-14,4
tt0120737,2026-07-14,9
tt0110912,2026-07-14,9
tt0114369,2026-07-14,9
tt0111161,2026-07-14,9
tt0167261,2026-07-14,10
tt0167260,2026-07-14,10
tt0859163,2026-07-14,4
tt2023587,2026-07-14,3
tt1661420,2026-07-14,8
tt1111422,2026-07-14,5
tt1483013,2026-07-14,5
tt0481499,2026-07-14,6
tt0405422,2026-07-14,7
tt0903747,2026-07-14,9
tt0387564,2026-07-14,8
tt0257106,2026-07-14,8
tt0306047,2026-07-14,9
tt0362120,2026-07-14,6
tt0446046,2026-07-14,4
tt0087985,2026-07-14,4
tt0247638,2026-07-14,4
tt0305669,2026-07-14,6
tt1284575,2026-07-14,4
tt0416496,2026-07-14,3
tt0441909,2026-07-14,7
tt0065421,2026-07-14,7
tt0061852,2026-07-14,8
tt0055254,2026-07-14,6
tt0361089,2026-07-14,5
tt0168366,2026-07-14,8
tt0126170,2026-07-14,7
tt0386176,2026-07-14,6
tt0115157,2026-07-14,6
tt0175058,2026-07-14,6
tt0489099,2026-07-14,4
tt0435625,2026-07-14,5
tt0120611,2026-07-13,7
tt0359013,2026-07-13,5
tt0411477,2026-07-13,6
tt0133751,2026-07-13,5
tt0120616,2026-07-13,7
tt0377109,2026-07-13,5
tt0103639,2026-07-13,7
tt1401152,2026-07-13,7
tt0317303,2026-07-13,4
tt0402901,2026-07-13,3
tt0296572,2026-07-13,5
tt0267913,2026-07-13,5
tt0399201,2026-07-13,6
tt0112442,2026-07-13,7
tt0208003,2026-07-13,5
tt0271668,2026-07-13,6
tt0482571,2026-07-13,8
tt0343660,2026-07-13,6
tt0319061,2026-07-13,6
tt0970179,2026-07-13,6
tt0449059,2026-07-13,8
tt0117500,2026-07-13,7
tt0055539,2026-07-13,6
tt1670345,2026-07-13,3
tt0162222,2026-07-13,7
tt1092026,2026-07-13,6
tt0105322,2026-07-13,3
tt0266308,2026-07-13,7
tt0099487,2026-07-13,7
tt1016301,2026-07-13,6
tt0382625,2026-07-13,7
tt1800241,2026-07-13,8
tt1442449,2026-07-13,8
tt2404738,2026-07-13,5
tt0993846,2026-07-13,9
tt0411008,2026-07-13,9
tt0104691,2026-07-13,8
tt0816711,2026-07-13,7
tt1454468,2026-07-13,7
tt1535109,2026-07-13,7
tt0077631,2026-07-13,8
tt0076666,2026-07-13,7
tt1261978,2026-07-13,4
tt1606378,2026-07-13,3
tt1321870,2026-07-13,6
tt0338639,2026-07-13,6
tt0922037,2026-07-13,9
tt0381733,2026-07-13,8
tt0362372,2026-07-13,6
tt1817273,2026-07-13,5
tt0289992,2026-07-13,7
tt0262396,2026-07-13,6
tt0095953,2026-07-13,7
tt2024544,2026-07-13,7
tt2955316,2026-07-13,7
tt0245429,2026-07-13,8
tt0120735,2026-07-13,7
tt2418440,2026-07-13,5
tt0206634,2026-07-13,7
tt1232829,2026-07-13,6
tt0365686,2026-07-13,5
tt0359950,2026-07-13,5
tt0448011,2026-07-13,5
tt1047540,2026-07-13,5
tt1599348,2026-07-13,5
tt2083383,2026-07-13,6
tt1772341,2026-07-13,7
tt2294629,2026-07-13,6
tt2403961,2026-07-13,4
tt2641874,2026-07-13,2
tt2106476,2026-07-13,6
tt0112641,2026-07-13,8
tt1211956,2026-07-13,4
tt0790636,2026-07-13,8
tt1980209,2026-07-13,6
tt2706268,2026-07-13,7
tt24328672,2026-07-13,7
tt0212338,2026-07-13,7
tt0102510,2026-07-13,5
tt0227984,2026-07-13,5
tt2252680,2026-07-13,4
tt1267297,2026-07-13,2
tt1299377,2026-07-13,3
tt1634003,2026-07-13,2
tt0335266,2026-07-13,6
tt0815236,2026-07-13,3
tt2404311,2026-07-13,4
tt1951264,2026-07-13,6
tt0107818,2026-07-13,8
tt0472033,2026-07-13,5
tt0110997,2026-07-13,5
tt0458525,2026-07-13,5
tt1270798,2026-07-13,7
tt1170358,2026-07-13,7
tt1392214,2026-07-13,8
tt0418689,2026-07-13,6
tt2395695,2026-07-13,10
tt0107290,2026-07-13,7
tt2234155,2026-07-13,4
tt0364725,2026-07-13,6
tt2103281,2026-07-13,7
tt0119567,2026-07-13,5
tt2357291,2026-07-13,6
tt0390136,2026-07-13,3
tt2243389,2026-07-13,3
tt0367594,2026-07-13,7
tt0844471,2026-07-13,6
tt3063516,2026-07-13,6
tt1034331,2026-07-13,4
tt0398712,2026-07-13,6
tt0790736,2026-07-13,3
tt0369441,2026-07-13,6
tt0357413,2026-07-13,8
tt1129442,2026-07-13,3
tt0144084,2026-07-13,7
tt0443274,2026-07-13,4
tt0114814,2026-07-13,8
tt1234721,2026-07-13,5
tt0253556,2026-07-13,6
tt2333784,2026-07-13,6
tt0481369,2026-07-13,5
tt0251127,2026-07-13,4
tt1298649,2026-07-13,5
tt2442560,2026-07-13,9
tt1622547,2026-07-13,2
tt0242653,2026-07-13,8
tt0234215,2026-07-13,8
tt2226417,2026-07-13,7
tt0417944,2026-07-13,6
tt0182576,2026-07-13,8
tt2278388,2026-07-13,6
tt2387433,2026-07-13,5
tt0498380,2026-07-13,7
tt2975578,2026-07-13,4
tt0117631,2026-07-13,7
tt1327773,2026-07-13,7
tt1213663,2026-07-13,5
tt1186367,2026-07-13,5
tt0120744,2026-07-13,7
tt1210819,2026-07-13,4
tt1515091,2026-07-13,6
tt2557490,2026-07-13,6
tt2278871,2026-07-13,6
tt0083658,2026-07-13,7
tt1430132,2026-07-13,5
tt1877832,2026-07-13,5
tt1182345,2026-07-13,5
tt0396171,2026-07-13,7
tt0106519,2026-07-13,8
tt0099674,2026-07-13,7
tt0113277,2026-07-13,8
tt0105323,2026-07-13,7
tt1959490,2026-07-13,4
tt0315733,2026-07-13,7
tt0060196,2026-07-13,7
tt0120601,2026-07-13,7
tt0427582,2026-07-13,6
tt0105695,2026-07-13,8
tt0174856,2026-07-13,8
tt0309698,2026-07-13,6
tt1954299,2026-07-13,7
tt0118715,2026-07-13,7
tt0242545,2026-07-13,6
tt0093773,2026-07-13,7
tt0091064,2026-07-13,7
tt0403702,2026-07-13,3
tt1956620,2026-07-13,5
tt2310332,2026-07-13,7
tt1525915,2026-07-13,5
tt1268799,2026-07-13,4
tt1210166,2026-07-13,7
tt2713180,2026-07-13,8
tt0070047,2026-07-13,8
tt0338013,2026-07-13,7
tt0385004,2026-07-13,7
tt0473705,2026-07-13,7
tt0245844,2026-07-13,8
tt1219289,2026-07-13,7
tt0095705,2026-07-13,6
tt1042424,2026-07-13,6
tt1385826,2026-07-13,6
tt0448694,2026-07-13,5
tt0328828,2026-07-13,8
tt0163651,2026-07-13,7
tt0107144,2026-07-13,6
tt0102059,2026-07-13,6
tt1637688,2026-07-13,6
tt0449010,2026-07-13,5
tt0119396,2026-07-13,7
tt0762125,2026-07-13,5
tt0892791,2026-07-13,6
tt0119654,2026-07-13,7
tt0215750,2026-07-13,8
tt0435761,2026-07-13,8
tt2562232,2026-07-13,8
tt0112573,2026-07-13,8
tt1844624,2026-07-13,8
tt0118880,2026-07-13,6
tt0298148,2026-07-13,8
tt0413267,2026-07-13,6
tt0385880,2026-07-13,7
tt0107207,2026-07-13,8
tt0444505,2026-07-13,7
tt1417108,2026-07-13,6
tt0257231,2026-07-13,8
tt3321428,2026-07-13,4
tt0110357,2026-07-13,8
tt0488604,2026-07-13,6
tt3253930,2026-07-13,6
tt0221027,2026-07-13,7
tt0120131,2026-07-13,6
tt2179136,2026-07-13,9
tt0266543,2026-07-13,7
tt0318403,2026-07-13,4
tt0230011,2026-07-13,5
tt0268380,2026-07-13,8
tt0438097,2026-07-13,7
tt1080016,2026-07-13,6
tt2093990,2026-07-13,6
tt1911658,2026-07-13,5
tt3011894,2026-07-13,8
tt0122718,2026-07-13,6
tt0311429,2026-07-13,6
tt0246578,2026-07-13,7
tt0444682,2026-07-13,2
tt0109686,2026-07-13,7
tt0117705,2026-07-13,7
tt0109040,2026-07-13,6
tt1631867,2026-07-13,6
tt0087363,2026-07-13,6
tt2820852,2026-07-13,6
tt1121096,2026-07-13,3
tt0101272,2026-07-13,7
tt1291150,2026-07-13,5
tt0110475,2026-07-13,6
tt0472399,2026-07-13,6
tt0119528,2026-07-13,7
tt0457495,2026-07-13,1
tt0090354,2026-07-13,3
tt0087332,2026-07-13,6
tt0183505,2026-07-13,7
tt0196229,2026-07-13,7
tt0335438,2026-07-13,5
tt1226753,2026-07-13,6
tt0115798,2026-07-13,6
tt0118972,2026-07-13,6
tt0397892,2026-07-13,6
tt2245084,2026-07-13,7
tt0120912,2026-07-13,4
tt2872718,2026-07-13,8
tt2397535,2026-07-13,5
tt1392190,2026-07-13,7
tt0790628,2026-07-13,5
tt0369610,2026-07-13,7
tt1045772,2026-07-13,6
tt2980516,2026-07-13,7
tt3032476,2026-07-13,9
tt2800240,2026-07-13,6
tt0073195,2026-07-13,7
tt1924435,2026-07-13,4
tt2322441,2026-07-13,5
tt0408839,2026-07-13,6
tt0145660,2026-07-13,7
tt2582802,2026-07-13,8
tt2381941,2026-07-13,5
tt0243794,2026-07-13,8
tt2499076,2026-07-13,7
tt1020558,2026-07-13,5
tt0112681,2026-07-13,6
tt0082934,2026-07-13,5
tt0089767,2026-07-13,6
tt0272207,2026-07-13,6
tt2126355,2026-07-13,5
tt0371246,2026-07-13,5
tt4161962,2026-07-13,4
tt0087050,2026-07-13,5
tt2802144,2026-07-13,7
tt0351283,2026-07-13,6
tt0479952,2026-07-13,5
tt3538766,2026-07-13,6
tt0375679,2026-07-13,8
tt3322940,2026-07-13,4
tt1277953,2026-07-13,5
tt0119488,2026-07-13,8
tt0470752,2026-07-13,8
tt2096673,2026-07-13,8
tt0406759,2026-07-13,3
tt3510480,2026-07-13,6
tt0882977,2026-07-13,6
tt3659388,2026-07-13,8
tt0758758,2026-07-13,8
tt1188729,2026-07-13,6
tt2191701,2026-07-13,4
tt1355683,2026-07-13,7
tt3195644,2026-07-13,6
tt1418377,2026-07-13,4
tt1798709,2026-07-13,8
tt2229499,2026-07-13,5
tt0416320,2026-07-13,8
tt2293640,2026-07-13,5
tt0837562,2026-07-13,6
tt1411250,2026-07-13,5
tt2872732,2026-07-13,5
tt3682448,2026-07-13,7
tt4158110,2026-07-13,8
tt0109813,2026-07-13,5
tt0478970,2026-07-13,5
tt2334873,2026-07-13,6
tt3460252,2026-07-13,8
tt0770828,2026-07-13,7
tt0425210,2026-07-13,8
tt1596363,2026-07-13,7
tt1502712,2026-07-13,3
tt0058946,2026-07-13,7
tt0271367,2026-07-13,3
tt0443706,2026-07-13,7
tt0071853,2026-07-13,6
tt0099776,2026-07-12,7
tt2510894,2026-07-12,5
tt0080684,2026-07-12,9
tt0121765,2026-07-12,8
tt0120915,2026-07-12,9
tt0076759,2026-07-12,9
tt0086190,2026-07-12,8
tt0317705,2026-07-12,7
tt2361509,2026-07-12,6
tt0361862,2026-07-12,8
tt2719848,2026-07-12,6
tt1663202,2026-07-12,9
tt0119008,2026-07-12,7
tt0104257,2026-07-12,6
tt2120120,2026-07-12,3
tt0438315,2026-07-12,6
tt0277371,2026-07-12,7
tt1250777,2026-07-12,7
tt1431045,2026-07-12,7
tt0467406,2026-07-12,7
tt1638355,2026-07-12,6
tt3626742,2026-07-12,4
tt1490017,2026-07-12,5
tt2975590,2026-07-12,2
tt0425112,2026-07-12,8
tt0952640,2026-07-12,3
tt0079817,2026-07-12,7
tt0084602,2026-07-12,6
tt0381966,2026-07-12,5
tt0089927,2026-07-12,5
tt0100507,2026-07-12,4
tt0479143,2026-07-12,6
tt0426592,2026-07-12,3
tt0365907,2026-07-12,6
tt1528100,2026-07-12,5
tt0119698,2026-07-12,6
tt0110632,2026-07-12,6
tt1823672,2026-07-12,5
tt0092965,2026-07-12,7
tt1735945,2026-07-12,4
tt0268126,2026-07-12,6
tt0119164,2026-07-12,6
tt0117883,2026-07-12,6
tt0970866,2026-07-12,5
tt3040964,2026-07-12,7
tt1073498,2026-07-12,2
tt0457400,2026-07-12,2
tt0088763,2026-07-12,7
tt0471711,2026-07-12,6
tt0472043,2026-07-12,9
tt0082971,2026-07-12,7
tt0070707,2026-07-12,7
tt0104389,2026-07-12,7
tt0328107,2026-07-12,7
tt0347149,2026-07-12,6
tt0118655,2026-07-12,7
tt0803096,2026-07-12,8
tt1240982,2026-07-12,4
tt0416492,2026-07-12,6
tt0285492,2026-07-12,3
tt1899353,2026-07-12,6
tt3076658,2026-07-12,8
tt0373469,2026-07-12,6
tt0120868,2026-07-12,9
tt37969901,2026-07-12,7
tt0075148,2026-07-12,8
tt0230600,2026-07-12,9
tt0331953,2026-07-12,7
tt0292963,2026-07-12,6
tt2267968,2026-07-12,5
tt3319920,2026-07-12,6
tt0325980,2026-07-12,9
tt0383574,2026-07-12,8
tt2294449,2026-07-12,5
tt4196776,2026-07-12,6
tt0440963,2026-07-12,7
tt1194173,2026-07-12,5
tt1270262,2026-07-12,5
tt0918940,2026-07-12,6
tt1832382,2026-07-12,8
tt2948356,2026-07-12,6
tt2304933,2026-07-12,3
tt0497465,2026-07-12,7
tt1028528,2026-07-12,7
tt2377322,2026-07-12,6
tt0112922,2026-07-12,7
tt1608290,2026-07-12,3
tt0072431,2026-07-12,7
tt1022603,2026-07-12,7
tt1386697,2026-07-12,3
tt0117509,2026-07-12,5
tt2707408,2026-07-12,8
tt3894190,2026-07-12,6
tt0090250,2026-07-12,7
tt0093818,2026-07-12,7
tt1272878,2026-07-12,4
tt3263904,2026-07-12,7
tt0115487,2026-07-12,7
tt2306299,2026-07-12,8
tt5929776,2026-07-12,7
tt1448755,2026-07-12,3
tt0100685,2026-07-12,7
tt0103873,2026-07-12,7
tt4922692,2026-07-12,6
tt3183660,2026-07-12,7
tt1663662,2026-07-12,7
tt1489889,2026-07-12,5
tt0088286,2026-07-12,9
tt0095159,2026-07-12,8
tt1253864,2026-07-12,4
tt0076001,2026-07-12,7
tt3748528,2026-07-12,9
tt1924396,2026-07-12,7
tt4176826,2026-07-12,5
tt3416828,2026-07-12,4
tt4972582,2026-07-12,7
tt0115491,2026-07-12,6
tt0133152,2026-07-12,7
tt1454523,2026-07-12,7
tt1124037,2026-07-12,6
tt1856010,2026-07-12,9
tt2249007,2026-07-12,8
tt2084970,2026-07-12,8
tt3783958,2026-07-12,10
tt4771896,2026-07-12,5
tt0102685,2026-07-12,5
tt0974959,2026-07-12,6
tt3553976,2026-07-12,8
tt4034228,2026-07-12,8
tt2404435,2026-07-12,6
tt4975722,2026-07-12,6
tt0838232,2026-07-12,4
tt1985949,2026-07-12,4
tt4936176,2026-07-12,5
tt0116126,2026-07-12,7
tt3731562,2026-07-12,6
tt1183919,2026-07-12,9
tt1711525,2026-07-12,3
tt2088745,2026-07-12,6
tt4630562,2026-07-12,5
tt0455944,2026-07-12,6
tt2005151,2026-07-12,7
tt2316204,2026-07-12,6
tt5481184,2026-07-12,3
tt1790809,2026-07-12,4
tt3470600,2026-07-12,6
tt3315342,2026-07-12,5
tt3450958,2026-07-12,3
tt0247745,2026-07-12,6
tt5013056,2026-07-12,8
tt1355644,2026-07-12,5
tt1396484,2026-07-12,7
tt1618442,2026-07-12,3
tt2543164,2026-07-12,5
tt1259521,2026-07-12,4
tt5109784,2026-07-12,8
tt5140878,2026-07-12,7
tt1856101,2026-07-12,6
tt3532216,2026-07-12,7
tt5886440,2026-07-12,8
tt0121766,2026-07-12,10
tt2527336,2026-07-12,8
tt2488496,2026-07-12,9
tt5052448,2026-07-12,7
tt4160708,2026-07-12,5
tt3065204,2026-07-12,5
tt5027774,2026-07-12,8
tt4550098,2026-07-12,8
tt0396269,2026-07-12,4
tt5726086,2026-07-12,5
tt5580390,2026-07-12,5
tt1464763,2026-07-12,6
tt0318627,2026-07-12,6
tt0432021,2026-07-12,4
tt1220634,2026-07-12,3
tt0120804,2026-07-12,8
tt1365519,2026-07-12,6
tt5390504,2026-07-12,8
tt1677720,2026-07-12,7
tt2400463,2026-07-12,7
tt5491994,2026-07-12,9
tt1533395,2026-07-12,8
tt3387542,2026-07-12,2
tt4154756,2026-07-12,8
tt3498820,2026-07-12,6
tt4052882,2026-07-12,5
tt6644200,2026-07-12,7
tt3778644,2026-07-12,8
tt4881806,2026-07-12,6
tt1825683,2026-07-12,6
tt1259528,2026-07-12,7
tt1641638,2026-07-12,5
tt1540011,2026-07-12,2
tt0163978,2026-07-12,8
tt1700841,2026-07-12,7
tt5084170,2026-07-12,5
tt4503598,2026-07-12,3
tt0258463,2026-07-12,8
tt0372183,2026-07-12,8
tt7029854,2026-07-12,7
tt4912910,2026-07-12,6
tt0261983,2026-07-12,5
tt2582782,2026-07-12,7
tt5463162,2026-07-12,4
tt1213641,2026-07-12,8
tt0070379,2026-07-12,6
tt7555714,2026-07-12,7
tt1517451,2026-07-12,7
tt4123430,2026-07-12,3
tt1139797,2026-07-12,7
tt1727824,2026-07-12,9
tt5516154,2026-07-12,8
tt0212985,2026-07-12,8
tt1571234,2026-07-12,5
tt2737304,2026-07-12,6
tt6823368,2026-07-12,4
tt5442430,2026-07-12,7
tt1598778,2026-07-12,7
tt3606752,2026-07-12,6
tt0795351,2026-07-12,6
tt4154796,2026-07-12,8
tt4139588,2026-07-12,6
tt0944947,2026-07-12,10
tt6412452,2026-07-12,7
tt6139732,2026-07-12,7
tt5790492,2026-07-12,5
tt1979376,2026-07-12,7
tt6320628,2026-07-12,6
tt7366338,2026-07-12,8
tt3890160,2026-07-12,7
tt0437086,2026-07-12,4
tt6857112,2026-07-12,5
tt6793580,2026-07-12,8
tt7095482,2026-07-12,8
tt1270797,2026-07-12,6
tt7131622,2026-07-12,7
tt7349950,2026-07-12,9
tt0455857,2026-07-12,2
tt1155076,2026-07-12,5
tt2935510,2026-07-12,6
tt0240772,2026-07-12,7
tt7286456,2026-07-12,9
tt2428170,2026-07-12,6
tt3654796,2026-07-12,3
tt7818580,2026-07-12,8
tt5606664,2026-07-12,8
tt4633690,2026-07-12,5
tt1713440,2026-07-12,7
tt4332232,2026-07-12,5
tt1302006,2026-07-12,8
tt2527338,2026-07-12,5
tt1840309,2026-07-12,5
tt8579674,2026-07-12,8
tt6105098,2026-07-12,7
tt8404614,2026-07-12,6
tt6751668,2026-07-12,9
tt9345754,2026-07-12,5
tt2351310,2026-07-12,5
tt10307440,2026-07-12,6
tt6763664,2026-07-12,8
tt7315484,2026-07-12,3
tt6611916,2026-07-12,7
tt0384806,2026-07-12,5
tt8228288,2026-07-12,6
tt8420184,2026-07-12,8
tt7146812,2026-07-12,7
tt7784604,2026-07-12,9
tt7668870,2026-07-12,6
tt8244784,2026-07-12,6
tt4944596,2026-07-12,7
tt1809398,2026-07-12,6
tt9506474,2026-07-12,6
tt7158686,2026-07-12,3
tt6723592,2026-07-12,9
tt0468569,2026-07-12,9
tt4574334,2026-07-12,8
tt1285009,2026-07-12,3
tt0054215,2026-07-12,8
tt2911666,2026-07-12,8
tt4425200,2026-07-12,7
tt6146586,2026-07-12,7
tt0078748,2026-07-12,8
tt8772262,2026-07-12,8
tt5700672,2026-07-12,7
tt9764386,2026-07-12,4
tt3754940,2026-07-12,8
tt2085059,2026-07-12,9
tt9845564,2026-07-12,6
tt2531336,2026-07-12,6
tt6017942,2026-07-12,4
tt2066051,2026-07-12,5
tt9616700,2026-07-12,6
tt10048342,2026-07-12,6
tt4925340,2026-07-12,6
tt7737786,2026-07-12,4
tt5618256,2026-07-12,6
tt9916362,2026-07-12,3
tt1582507,2026-07-12,3
tt0090605,2026-07-12,6
tt0103644,2026-07-12,5
tt1025100,2026-07-12,5
tt0993840,2026-07-12,6
tt10451914,2026-07-12,4
tt2584384,2026-07-12,6
tt1600196,2026-07-12,6
tt10327252,2026-07-12,5
tt10952782,2026-07-12,6
tt12888462,2026-07-12,7
tt5562070,2026-07-12,6
tt10954652,2026-07-12,8
tt10147644,2026-07-12,5
tt9731288,2026-07-12,4
tt0837563,2026-07-12,6
tt9376612,2026-07-12,6
tt1790885,2026-07-12,7
tt1160419,2026-07-12,9
tt10919420,2026-07-12,8
tt10404944,2026-07-12,6
tt9032400,2026-07-12,6
tt1502397,2026-07-12,6
tt3501632,2026-07-12,6
tt0800369,2026-07-12,6
tt1981115,2026-07-12,6
tt10872600,2026-07-12,9
tt12610584,2026-07-12,3
tt8111088,2026-07-12,10
tt0133093,2026-07-12,10
tt1877830,2026-07-12,7
tt11755740,2026-07-11,5
tt1464335,2026-07-11,6
tt7395114,2026-07-11,8
tt9419884,2026-07-11,7
tt11924738,2026-07-11,1
tt11138512,2026-07-11,8
tt8041270,2026-07-11,6
tt8466564,2026-07-11,8
tt10127708,2026-07-11,4
tt1745960,2026-07-11,7
tt13314558,2026-07-11,5
tt10016180,2026-07-11,6
tt15474916,2026-07-11,8
tt4244998,2026-07-11,6
tt8368406,2026-07-11,7
tt14852808,2026-07-11,7
tt6217306,2026-07-11,6
tt0120855,2026-07-11,9
tt21819228,2026-07-11,8
tt15679400,2026-07-11,8
tt1630029,2026-07-11,7
tt16437278,2026-07-11,5
tt9806370,2026-07-11,6
tt15789492,2026-07-11,5
tt4178092,2026-07-11,7
tt10640346,2026-07-11,7
tt7660850,2026-07-11,10
tt13274016,2026-07-11,6
tt24513650,2026-07-11,8
tt13287846,2026-07-11,6
tt0450259,2026-07-11,7
tt1517268,2026-07-11,6
tt15239678,2026-07-11,9
tt1136617,2026-07-11,6
tt1253863,2026-07-11,5
tt15314262,2026-07-11,6
tt13521006,2026-07-11,6
tt16058152,2026-07-11,4
tt10731256,2026-07-11,7
tt21874760,2026-07-11,7
tt5460530,2026-07-11,4
tt30852970,2026-07-11,7
tt24509990,2026-07-11,6
tt14789418,2026-07-11,6
tt13649112,2026-07-11,7
tt21692408,2026-07-11,6
tt14230458,2026-07-11,7
tt15791034,2026-07-11,7
tt4263482,2026-07-11,6
tt11315808,2026-07-11,3
tt26753003,2026-07-11,4
tt15552142,2026-07-11,7
tt0379786,2026-07-11,6
tt0365748,2026-07-11,6
tt13186482,2026-07-11,5
tt31806049,2026-07-11,5
tt20215234,2026-07-11,7
tt5563324,2026-07-11,4
tt21382296,2026-07-11,6
tt14729020,2026-07-11,5
tt32138452,2026-07-11,4
tt3766354,2026-07-11,6
tt29268110,2026-07-11,6
tt11286314,2026-07-11,6
tt5727208,2026-07-11,5
tt0947802,2026-07-11,4
tt2463208,2026-07-11,5
tt31193180,2026-07-11,8
tt35052852,2026-07-11,8
tt14846026,2026-07-11,6
tt34682248,2026-07-11,1
tt10548174,2026-07-11,7
tt17024450,2026-07-11,6
tt31036941,2026-07-11,4
tt24807110,2026-07-11,5
tt20969586,2026-07-11,8
tt12262202,2026-07-11,6
tt1567437,2026-07-11,6
tt31868189,2026-07-11,5
tt26581740,2026-07-11,8
tt11866324,2026-07-11,5
tt30144839,2026-07-11,7
tt6966692,2026-07-11,8
tt2358891,2026-07-11,6
tt15398776,2026-07-11,7
tt11813216,2026-07-11,6
tt15006566,2026-07-11,8
tt0353969,2026-07-11,6
tt2788316,2026-07-11,9
tt3256226,2026-07-11,4
tt1757678,2026-07-11,6
tt31227572,2026-07-11,6
tt7752126,2026-07-11,5
tt0100403,2026-07-11,5
tt1424381,2026-07-11,4
tt12300742,2026-07-11,6
tt18412256,2026-07-11,6
tt24069848,2026-07-11,9
tt23724682,2026-07-11,5
tt17526714,2026-07-11,8
tt29355505,2026-07-11,5
tt9218128,2026-07-11,4
