titulo,anio,imdb_id,tmdb_id
La vida es bella,1997,tt0118799,637
El señor de los anillos: El retorno del rey,2003,tt0167260,122
La lista de Schindler,1993,tt0108052,424
Pulp Fiction,1994,tt0110912,680
El padrino,1972,tt0068646,238
Cadena perpetua,1994,tt0111161,278
Million Dollar Baby,2004,tt0405159,70
American History X,1998,tt0120586,73
El pianista,2002,tt0253474,423
Luces de la ciudad,1931,tt0021749,901
Gran Torino,2008,tt1205489,13223
Terminator,1984,tt0088247,218
El padrino. Parte II,1974,tt0071562,240
Harakiri,1962,tt0056058,14537
Reservoir Dogs,1992,tt0105236,500
Ciudad de Dios,2002,tt0317248,598
Psicosis,1960,tt0054215,539
La chaqueta metálica,1987,tt0093058,600
Réquiem por un sueño,2000,tt0180093,641
Taxi Driver,1976,tt0075314,103
Una mente maravillosa,2001,tt0268978,453
Cisne negro,2010,tt0947798,44214
Uno de los nuestros,1990,tt0099685,769
El apartamento,1960,tt0053604,284
Indiana Jones y el templo maldito,1984,tt0087469,87
Los siete samuráis,1954,tt0047478,346
Alguien voló sobre el nido del cuco,1975,tt0073486,510
La milla verde,1999,tt0120689,497
Apocalypse Now,1979,tt0078788,28
La evasión,1960,tt0054407,29259
Seven,1995,tt0114369,807
Mar adentro,2004,tt0369702,1913
El golpe,1973,tt0070735,9277
Casablanca,1942,tt0034583,289
Cinema Paradiso,1988,tt0095765,11216
La historia interminable,1984,tt0088323,34584
Con faldas y a lo loco,1959,tt0053291,239
Sin perdón,1992,tt0105695,33
El precio del poder,1983,tt0086250,111
El discurso del Rey,2010,tt1504320,45269
El hombre que mató a Liberty Valance,1962,tt0056217,11697
El secreto de sus ojos,2009,tt1305806,25376
Bailando con lobos,1990,tt0099348,581
Babel,2006,tt0449467,1164
El gran dictador,1940,tt0032553,914
Los chicos del coro,2004,tt0372824,5528
"M, el vampiro de Düsseldorf",1931,tt0022100,832
En el nombre del padre,1993,tt0107207,7984
Forrest Gump,1994,tt0109830,13
Ciudadano Kane,1941,tt0033467,15
El silencio de los corderos,1991,tt0102926,274
La naranja mecánica,1971,tt0066921,185
Todo sobre mi madre,1999,tt0185125,99
"Good bye, Lenin!",2003,tt0301357,338
El resplandor,1980,tt0081505,694
La vida de los otros,2006,tt0405094,582
Nueve reinas,2000,tt0247586,18079
Amores perros,2000,tt0245712,55
As bestas,2022,tt15006566,848685
Los Goonies,1985,tt0089218,9340
Annie Hall,1977,tt0075686,703
La ventana indiscreta,1954,tt0047396,567
Vértigo (De entre los muertos),1958,tt0052357,426
Con la muerte en los talones,1959,tt0053125,213
Abre los ojos,1997,tt0125659,1902
Doce hombres sin piedad,1957,tt0050083,389
Desafío total,1990,tt0100802,861
Billy Elliot,2000,tt0249462,71
El paciente inglés,1996,tt0116209,409
Memories of Murder,2003,tt0353969,11423
Dogville,2003,tt0276919,553
Crimen perfecto,1954,tt0046912,521
"El bueno, el feo y el malo",1966,tt0060196,429
La delgada línea roja,1998,tt0120863,8741
La gran evasión,1963,tt0057115,5925
Funny Games,1997,tt0119167,10234
La princesa prometida,1987,tt0093779,2493
¿Qué fue de Baby Jane?,1962,tt0056687,10242
Tiempos modernos,1936,tt0027977,3082
Perversidad,1945,tt0038057,17058
Traffic,2000,tt0181865,1900
Los lunes al sol,2002,tt0319769,54580
Tigre y dragón,2000,tt0190332,146
Master and Commander,2003,tt0311113,8619
Toro Salvaje,1980,tt0081398,1578
Tarde de perros,1975,tt0072890,968
The Artist,2011,tt1655442,74643
El hombre elefante,1980,tt0080678,1955
Sed de mal,1958,tt0052311,1480
Encuentros en la tercera fase,1977,tt0075860,840
"Roma, ciudad abierta",1945,tt0038890,307
La strada,1954,tt0047528,405
Los inmortales,1986,tt0091203,8009
Érase una vez en América,1984,tt0087843,311
Mi vida sin mí,2003,tt0314412,20
Bitelchús,1988,tt0094721,4011
Perdida,2014,tt2267998,210577
Clerks,1994,tt0109445,2292
Senderos de gloria,1957,tt0050825,975
Coco,2017,tt2380307,354912
Terciopelo azul,1986,tt0090756,793
Hable con ella,2002,tt0287467,64
Manhattan,1979,tt0079522,696
La tumba de las luciérnagas,1988,tt0095327,12477
El hijo de la novia,2001,tt0292542,19460
¡Qué bello es vivir!,1946,tt0038650,1585
Los amantes del círculo polar,1998,tt0133363,1414
Orgullo y prejuicio,2005,tt0414387,4348
El jardinero fiel,2005,tt0387131,1985
Cuando Harry encontró a Sally,1989,tt0098635,639
Criadas y señoras,2011,tt1454029,50014
La cosa (El enigma de otro mundo),1982,tt0084787,1091
Las dos caras de la verdad,1996,tt0117381,1592
El cazador,1978,tt0077416,11778
Matar a un ruiseñor,1962,tt0056592,595
El crack,1981,tt0082210,60794
El último emperador,1987,tt0093389,746
Descubriendo nunca jamás,2004,tt0308644,866
The reader (el lector),2008,tt0976051,8055
El piano,1993,tt0107822,713
Boyhood,2014,tt1065073,85350
Puñales por la espalda,2019,tt8946378,546554
Bailar en la oscuridad,2000,tt0168629,16
El crepúsculo de los dioses,1950,tt0043014,599
Antes de amanecer,1995,tt0112471,76
Sleepers,1996,tt0117665,819
La habitación,2015,tt3170832,264644
The fighter,2010,tt0964517,45317
Una noche en la ópera,1935,tt0026778,37719
Los santos inocentes,1984,tt0088040,75877
Delicatessen,1991,tt0101700,892
Testigo de cargo,1957,tt0051201,37257
El luchador,2008,tt1125849,12163
El tercer hombre,1949,tt0041959,1092
Un dios salvaje,2011,tt1692486,72113
La profecía,1976,tt0075005,794
Persépolis,2007,tt0808417,2011
Los miserables,2012,tt1707386,82695
Te doy mis ojos,2003,tt0350193,1418
Las vidas posibles de Mr. Nobody,2009,tt0485947,31011
12 monos,1995,tt0114746,63
Cyrano de Bergerac,1990,tt0099334,11673
El dilema,1999,tt0140352,9008
Tres colores: Azul,1993,tt0108394,108
Kramer contra Kramer,1979,tt0079417,12102
Camino,2008,tt1206285,17893
El verdugo,1963,tt0057643,4498
Los falsificadores,2007,tt0813547,7862
Hotel Rwanda,2004,tt0395169,205
Deseando amar,2000,tt0118694,843
Cinderella Man,2005,tt0352248,921
Antes del atardecer,2004,tt0381681,80
Pena de muerte,1995,tt0112818,687
Una cuestión de tiempo,2013,tt2194499,122906
La sociedad de la nieve,2023,tt16277242,906126
AzulOscuroCasiNegro,2006,tt0452971,3865
Tomates verdes fritos,1991,tt0101921,1633
Rush,2013,tt1979320,96721
Gandhi,1982,tt0083987,783
Las ventajas de ser un marginado,2012,tt1659337,84892
Metrópolis,1927,tt0017136,19
Sentido y sensibilidad,1995,tt0114388,4584
Sangre fácil,1984,tt0086979,11368
Ed Wood,1994,tt0109707,522
Si la cosa funciona,2009,tt1178663,19265
Rebeca,1940,tt0032976,223
Yo soy Sam,2001,tt0277027,10950
Paseando a Miss Daisy,1989,tt0097239,403
La cinta blanca,2009,tt1149362,37903
The Man from Earth,2007,tt0756683,13363
La maldición del escorpión de jade,2001,tt0256524,2779
Alta fidelidad,2000,tt0146882,243
Ladrón de bicicletas,1948,tt0040522,5156
Las horas,2002,tt0274558,590
Amor a quemarropa,1993,tt0108399,319
Barry Lyndon,1975,tt0072684,3175
Eva al desnudo,1950,tt0042192,705
Granujas a todo ritmo,1980,tt0080455,525
"¡Jo, qué noche!",1985,tt0088680,10843
Ser o no ser,1942,tt0035446,198
La última noche,2002,tt0307901,1429
El cartero (y Pablo Neruda),1994,tt0110877,11010
Todos los hombres del presidente,1976,tt0074119,891
Un mundo perfecto,1993,tt0107808,9559
Brazil,1985,tt0088846,68
Soul,2020,tt2948372,508442
Perdición,1944,tt0036775,996
Hero,2002,tt0299977,79
Hasta el último hombre,2016,tt2119532,324786
El sargento de hierro,1986,tt0091187,10015
Following,1998,tt0154506,11660
Dersu Uzala (El cazador),1975,tt0071411,9764
Cuenta conmigo,1986,tt0092005,235
Trece vidas,2022,tt12262116,698948
Mulholland Drive,2001,tt0166924,1018
El chico,1921,tt0012349,10098
This is England,2006,tt0480025,11798
Hombres de honor,2000,tt0203019,11978
Historia de un matrimonio,2019,tt7653254,492188
Poltergeist (Fenómenos extraños),1982,tt0084516,609
¡Viven!,1993,tt0106246,7305
Jungla de cristal,1988,tt0095016,562
Entrevista con el vampiro,1994,tt0110148,628
Dentro del laberinto,1986,tt0091369,13597
Leaving Las Vegas,1995,tt0113627,451
Carretera perdida,1997,tt0116922,638
Amor,2012,tt1602620,86837
Mi nombre es Harvey Milk,2008,tt1013753,10139
Soñadores,2003,tt0309987,1278
Nebraska,2013,tt1821549,129670
El buscavidas,1961,tt0054997,990
El hombre que nunca estuvo allí,2001,tt0243133,10778
Thelma & Louise,1991,tt0103074,1541
Barrio,1998,tt0146468,32118
Quiéreme si te atreves,2003,tt0364517,8424
Una historia de violencia,2005,tt0399146,59
Como agua para chocolate,1992,tt0103994,18183
El maquinista de La General,1926,tt0017925,961
Call me by your Name,2017,tt5726616,398818
El hombre que pudo reinar,1975,tt0073341,983
Incendies,2010,tt1255953,46738
El sentido de la vida,1983,tt0085959,4543
Al final de la escalera,1980,tt0080516,13550
Zatoichi,2003,tt0363226,246
Corazón salvaje,1990,tt0100935,483
Wall Street,1987,tt0094291,10673
Warrior,2011,tt1291584,59440
Ran,1985,tt0089881,11645
La quimera del oro,1925,tt0015864,962
La caza del Octubre rojo,1990,tt0099810,1669
La vida secreta de las palabras,2005,tt0430576,148
Dark City,1998,tt0118929,2666
Otra ronda,2020,tt10288566,580175
En la cuerda floja,2005,tt0358273,69
"Uno, dos, tres",1961,tt0055256,430
Plan oculto,2006,tt0454848,388
Hasta que llegó su hora,1968,tt0064116,335
Once (una vez),2007,tt0907657,5723
Barton Fink,1991,tt0101410,290
Siempre a tu lado (Hachiko),2009,tt1028532,28178
Boogie Nights,1997,tt0118749,4995
The Gentlemen: los señores de la mafia,2019,tt8367814,522627
Fantástico Sr Fox,2009,tt0432283,10315
Canino,2009,tt1379182,38810
Un profeta,2009,tt1235166,21575
Excalibur,1981,tt0082348,11527
Belle Époque,1992,tt0103791,2470
"Corre, Lola, corre",1998,tt0130827,104
Mary and Max,2009,tt0978762,24238
El último duelo,2021,tt4244994,617653
Ray,2004,tt0350258,1677
Del revés 2,2024,tt22022452,1022789
Delitos y faltas,1989,tt0097123,11562
El club de los cinco,1985,tt0088847,2108
El último rey de escocia,2006,tt0455590,1523
"Yo, Tonya",2017,tt5580036,389015
¿A quién ama Gilbert Grape?,1993,tt0108550,1587
Despertares,1990,tt0099077,11005
Las uvas de la ira,1940,tt0032551,596
Anatomía de una caída,2023,tt17009710,915935
La pianista,2001,tt0254686,1791
La parada de los monstruos,1932,tt0022913,136
El color púrpura,1985,tt0088939,873
Los asesinos de la luna,2023,tt5537002,466420
Man on the Moon,1999,tt0125664,1850
Poderosa Afrodita,1995,tt0113819,11448
Fuego en el cuerpo,1981,tt0082089,14412
"Ghost Dog, el camino del samurái",1999,tt0165798,4816
Sin novedad en el frente,2022,tt1016150,49046
Carol,2015,tt2402927,258480
Le Mans 66,2019,tt1950186,359724
La ballena,2022,tt13833688,785084
Gracias por fumar,2005,tt0427944,9388
Lunas de hiel,1992,tt0104779,10497
Las invasiones bárbaras,2003,tt0338135,11042
El padre,2020,tt10272386,600354
La juventud,2015,tt3312830,310593
Diario de un rebelde,1995,tt0112461,10474
El gigante de hierro,1999,tt0129167,10386
La fuerza del cariño,1983,tt0086425,11050
Stalingrado,1993,tt0108211,11101
Almas en pena de Inisherin,2022,tt11813216,674324
Vidas pasadas,2023,tt13238346,666277
Wonder,2017,tt2543472,406997
Marathon Man,1976,tt0074860,10518
Novecento (1900),1976,tt0074084,3870
Happiness,1998,tt0147612,10683
Richard Jewell,2019,tt3513548,292011
La buena estrella,1997,tt0118788,97295
Mientras duermes,2011,tt1437358,77495
La escafranda y la mariposa (nota: en realidad “La escafandra y la mariposa”),2007,tt0401383,2013
The Florida Project,2017,tt5649144,394117
Los que se quedan,2023,tt14849194,840430
Acordes y desacuerdos,1999,tt0158371,9684
Beautiful Girls,1996,tt0115639,9283
Las tortugas también vuelan,2004,tt0424227,8340
Fresa y chocolate,1993,tt0106966,12527
Todos dicen I love you,1996,tt0116242,9716
Fanny y Alexander,1982,tt0083922,5961
La última noche de Boris Grushenko,1975,tt0073312,11686
Mujercitas,2019,tt3281548,331482
¿Qué he hecho yo para merecer esto?,1984,tt0088461,8221
Coherence,2013,tt2866360,220289
La ley de la calle,1983,tt0086216,232
Los Fabelman,2022,tt14208870,804095
The Doors,1991,tt0101761,10537
Léolo,1992,tt0104782,11139
Corazones de hierro,1989,tt0097027,10142
La infiltrada,2024,tt29270150,1215185
Pride (Orgullo),2014,tt3169706,234200
Tres colores: Blanco,1994,tt0111507,109
Terroríficamente muertos,1987,tt0092991,765
Dead Man,1995,tt0112817,922
Retrato de una mujer en llamas,2019,tt8613070,531428
El cielo sobre Berlín,1987,tt0093191,144
Un cadáver a los postres,1976,tt0074937,6037
Boys Don't Cry,1999,tt0171804,226
Los olvidados,1950,tt0042804,800
Amanecer,1927,tt0018455,631
Beasts of No Nation,2015,tt1365050,283587
Trumbo. La lista negra de Hollywood,2015,tt3203606,294016
C.R.A.Z.Y.,2005,tt0401085,11421
La invasión de los ultracuerpos,1978,tt0077745,11850
Veredicto final,1982,tt0084855,24226
Wind River,2017,tt5362988,395834
Único testigo,1985,tt0090329,9281
El año que vivimos peligrosamente,1982,tt0086617,11541
El oso,1988,tt0095800,2383
El verano de Kikujiro,1999,tt0199683,4291
Cometas en el cielo,2007,tt0419887,7979
Candilejas,1952,tt0044837,28971
Academia Rushmore,1998,tt0128445,11545
El quimérico inquilino,1976,tt0074811,11482
¿Vencedores o vencidos? (El juicio de Nuremberg),1961,tt0055031,821
Familia,1996,tt0116274,107667
Haz lo que debas,1989,tt0097216,925
¿Quién puede matar a un niño?,1976,tt0075462,43751
El juego de Geri,1997,tt0131409,13929
24 Hour Party People,2002,tt0274309,2750
Pleasantville,1998,tt0120789,2657
En busca del fuego,1981,tt0082484,62204
Hair,1979,tt0079261,10654
Tierra y libertad,1995,tt0114671,38884
"Flow, un mundo que salvar",2024,tt4772188,823219
¡Qué verde era mi valle!,1941,tt0033729,43266
Willow,1988,tt0096446,847
Cuentos de Tokio,1953,tt0046438,18148
Twin Peaks: Fuego camina conmigo,1992,tt0105665,1923
Eyes Wide Shut,1999,tt0120663,345
"Nicky, la aprendiz de bruja",1989,tt0097814,16859
El talento de Mr. Ripley,1999,tt0134119,1213
Leyendas de pasión,1994,tt0110322,4476
Pinocho (Guillermo del Toro),2022,tt1488589,555604
El abuelo,1998,tt0176415,69851
"¡Ay, Carmela!",1990,tt0101025,41806
El rey de la comedia,1982,tt0085794,262
Noche en la Tierra,1991,tt0102536,339
Vivir (Ikiru),1952,tt0044741,3782
El bosque animado,1987,tt0092693,60311
Ninja Scroll,1993,tt0107692,14282
Hana-Bi. Flores de fuego,1997,tt0119250,5910
Arrebato,1979,tt0078797,4494
Un día de furia,1993,tt0106856,37094
Un puente lejano,1977,tt0075784,5902
Straight Outta Compton,2015,tt1398426,277216
La cruz de hierro,1977,tt0074695,10839
Quiz Show. El dilema,1994,tt0110932,11450
La ciudad de los niños perdidos,1995,tt0112682,902
Poder absoluto,1997,tt0118548,66
Inseparables,1988,tt0094964,9540
El tambor de hojalata,1979,tt0078875,659
La vida de Brian,1979,tt0079470,583
Malcolm X,1992,tt0104797,1883
Criaturas celestiales,1994,tt0110005,1024
Vacas,1992,tt0103186,2441
La muerte y la doncella,1994,tt0109579,10531
Extraños en el paraíso,1984,tt0088184,469
Medianoche en el jardín del bien y del mal,1997,tt0119668,8197
El fuera de la ley,1976,tt0075029,10747
The Boxer,1997,tt0118760,16992
La escalera de Jacob,1990,tt0099871,2291
Vidas cruzadas (Short Cuts),1993,tt0108122,695
Buffalo '66,1998,tt0118789,9464
Brubaker,1980,tt0080474,1623
Bird,1988,tt0094747,24679
Robin y Marian,1976,tt0075147,10786
Cotton Club,1984,tt0087089,2148
Europa,1991,tt0101829,9065
Los duelistas,1977,tt0075968,19067
Indiana Jones y la última cruzada,1989,tt0097576,89
Un lugar en el mundo,1992,tt0104774,32635
"Paris, Texas",1984,tt0087884,655
Underground,1995,tt0114787,11902
Muerte entre las flores,1990,tt0100150,379
Fargo,1996,tt0116282,275
Una historia del Bronx,1993,tt0106489,1607
"Adiós, muchachos",1987,tt0092593,1786
Celebración,1998,tt0154420,309
Una historia verdadera,1999,tt0166896,404
Misterioso asesinato en Manhattan,1993,tt0107507,10440
Missing (Desaparecido),1982,tt0084335,15600
Hannah y sus hermanas,1986,tt0091167,5143
Tres colores: rojo,1994,tt0111495,110
El submarino (Das Boot),1981,tt0082096,387
El expreso de media noche,1978,tt0077928,11327
El sur,1983,tt0084740,48139
Pesadilla antes de Navidad,1993,tt0107688,9479
Secretos y mentiras,1996,tt0117589,11159
Platoon,1986,tt0091763,792
Amadeus,1984,tt0086879,279
El viaje a ninguna parte,1986,tt0090259,156453
Mi vecino Totoro,1988,tt0096283,8392
Smoke,1995,tt0114478,10149
Solas,1999,tt0190798,80713
El club de los poetas muertos,1989,tt0097165,207
El sexto sentido,1999,tt0167404,745
Desmontando a Harry,1997,tt0118954,2639
Estación central de Brasil,1998,tt0140888,666
Las amistades peligrosas,1988,tt0094947,859
Fuga de Alcatraz,1979,tt0079116,10734
Akira,1988,tt0094625,149
Zelig,1983,tt0086637,11030
El profesional (León),1994,tt0110413,101
Arde Mississippi,1988,tt0095647,1632
La rosa púrpura de El Cairo,1985,tt0089853,10849
Drácula de Bram Stoker,1992,tt0103874,6114
Mejor... imposible,1997,tt0119822,2898
"Gato negro, gato blanco",1998,tt0118843,1075
Magnolia,1999,tt0175880,334
Los gritos del silencio,1984,tt0087553,625
Maridos y mujeres,1992,tt0104466,28384
Lo que queda del día,1993,tt0107943,1245
Martin (Hache),1997,tt0119626,43429
Los puentes de Madison,1995,tt0112579,688
J.F.K.: Caso abierto,1991,tt0102138,820
Terminator 2,1991,tt0103064,280
E.T.,1982,tt0083866,601
Balas sobre Broadway,1994,tt0109348,11382
Rompiendo las olas,1996,tt0115751,145
Misery,1990,tt0100157,1700
El señor de los anillos: La comunidad del anillo,2001,tt0120737,120
Gladiator,2000,tt0172495,98
Kill Bill. Volumen 1,2003,tt0266697,24
El señor de los anillos: Las dos torres,2002,tt0167261,121
Avatar,2009,tt0499549,19995
Origen,2010,tt1375666,27205
Malditos bastardos,2009,tt0361748,16869
Amélie,2001,tt0211915,194
Shrek,2001,tt0126029,808
El caballero oscuro,2008,tt0468569,155
Piratas del Caribe: La maldición de la Perla Negra,2003,tt0325980,22
Los otros,2001,tt0230600,1933
Memento,2000,tt0209144,77
300,2006,tt0416449,1271
"Monstruos, S.A.",2001,tt0198781,585
Up,2009,tt1049413,14160
Buscando a Nemo,2003,tt0266543,12
Kill Bill. Volumen 2,2004,tt0378194,393
Mystic River,2003,tt0327056,322
Infiltrados,2006,tt0407887,1422
Snatch. Cerdos y diamantes,2000,tt0208092,107
Slumdog Millionaire,2008,tt1010048,12405
Big Fish,2003,tt0319061,587
V de Vendetta,2005,tt0434409,752
Shrek 2,2004,tt0298148,809
WALL•E,2008,tt0910970,10681
Shutter Island,2010,tt1130884,11324
El curioso caso de Benjamin Button,2008,tt0421715,4922
Match Point,2005,tt0416320,116
Celda 211,2009,tt1242422,33273
La edad de hielo (Ice Age),2002,tt0268380,425
El laberinto del fauno,2006,tt0457430,1417
Django desencadenado,2012,tt1853728,68718
Toy Story 3,2010,tt0435761,10193
El viaje de Chihiro,2001,tt0245429,129
No es país para viejos,2007,tt0477348,6977
Intocable,2011,tt1675434,77338
Batman Begins,2005,tt0372784,272
Pequeña Miss Sunshine,2006,tt0449059,773
Crash (Colisión),2004,tt0375679,1640
El caso Bourne,2002,tt0258463,2501
Saw,2004,tt0387564,176
¡Olvídate de mí!,2004,tt0338013,38
El efecto mariposa,2004,tt0289879,1954
Interstellar,2014,tt0816692,157336
El lobo de Wall Street,2013,tt0993846,106646
Star Wars. Episodio III: La venganza de los Sith,2005,tt0121766,1895
Lost in Translation,2003,tt0335266,153
Ratatouille,2007,tt0382932,2062
El caballero oscuro: La leyenda renace,2012,tt1345836,49026
La novia cadáver,2005,tt0121164,3933
El ilusionista,2006,tt0443543,1491
Los Increíbles,2004,tt0317705,9806
El truco final (El prestigio),2006,tt0482571,1124
Ocean's Eleven: Hagan juego,2001,tt0240772,161
Atrápame si puedes,2002,tt0264464,640
Náufrago,2000,tt0162222,8358
21 gramos,2003,tt0315733,470
Drive,2011,tt0780504,64690
El diario de Noa,2004,tt0332280,11036
El Hobbit: Un viaje inesperado,2012,tt0903624,49051
Del revés (Inside Out),2015,tt2096673,150540
Camino a la perdición,2002,tt0257044,4147
La ola,2008,tt1063669,7735
En busca de la felicidad,2006,tt0454921,1402
Enemigo a las puertas,2001,tt0215750,853
Donnie Darko,2001,tt0246578,141
El ultimátum de Bourne,2007,tt0440963,2503
Midnight in Paris,2011,tt1605783,59436
Her,2013,tt1798709,152601
Argo,2012,tt1024648,68734
American Gangster,2007,tt0765429,4982
Diamante de sangre,2006,tt0450259,1372
Birdman o (La inesperada virtud de la ignorancia),2014,tt2562232,194662
Joker,2019,tt7286456,475557
El Gran Hotel Budapest,2014,tt2278388,120467
El renacido,2015,tt1663202,281957
Old Boy,2003,tt0364569,670
La isla mínima,2014,tt3253930,236735
Volver,2006,tt0441909,219
Apocalypto,2006,tt0472043,1579
Hijos de los hombres,2006,tt0206634,9693
Mad Max: Furia en la carretera,2015,tt1392190,76341
Relatos salvajes,2014,tt3011894,265195
La llegada,2016,tt2543164,329865
La vida de Pi,2012,tt0454876,87827
El mito de Bourne,2004,tt0372183,2502
Harry Potter y las reliquias de la muerte - Parte 2,2011,tt1201607,12445
Whiplash,2014,tt2582802,244786
Parásitos,2019,tt6751668,496243
Marte (The Martian),2015,tt3659388,286217
Invictus,2009,tt1057500,22954
El intercambio,2008,tt0824747,3580
Training Day (Día de entrenamiento),2001,tt0139654,2034
Los odiosos ocho,2015,tt3460252,273248
Prisioneros,2013,tt1392214,146233
12 años de esclavitud,2013,tt2024544,76203
El hundimiento,2004,tt0363163,613
Siete almas,2008,tt0814314,11321
El castillo ambulante,2004,tt0347149,4935
La ciudad de las estrellas (La La Land),2016,tt3783958,313369
Déjame entrar,2008,tt1139797,13310
Master and Commander: Al otro lado del mundo,2003,tt0311113,8619
The Imitation Game (Descifrando Enigma),2014,tt2084970,205596
Promesas del este,2007,tt0765443,2252
El caso Slevin,2006,tt0425210,186
Érase una vez en... Hollywood,2019,tt7131622,466272
Dallas Buyers Club,2013,tt0790636,152532
Dunkerque,2017,tt5013056,374720
El señor de la guerra,2005,tt0399295,1830
Múnich,2005,tt0408306,612
Valor de ley,2010,tt1403865,44264
El maquinista,2004,tt0361862,4553
RocknRolla,2008,tt1032755,13809
Ex Machina,2014,tt0470752,264660
Tres anuncios en las afueras,2017,tt5027774,359940
Green Book,2018,tt6966692,490132
Moon,2009,tt1182345,17431
1917,2019,tt8579674,530915
Cartas desde Iwo Jima,2006,tt0498380,1251
Diarios de motocicleta,2004,tt0318462,1653
Bohemian Rhapsody,2018,tt1727824,424694
Los mundos de Coraline,2009,tt0327597,14836
Dune,2021,tt1160419,438631
Un ciudadano ejemplar,2009,tt1197624,22803
Cómo entrenar a tu dragón,2010,tt0892769,10191
Spotlight,2015,tt1895587,314365
Blade Runner 2049,2017,tt1856101,335984
La teoría del todo,2014,tt2980516,266856
Captain Fantastic,2016,tt3553976,334533
Capitán Phillips,2013,tt1535109,109424
La vida de David Gale,2003,tt0289992,11615
Oppenheimer,2023,tt15398776,872585
Vengadores: Infinity War,2018,tt4154756,299536
Pozos de ambición,2007,tt0469494,7345
El fuego de la venganza,2004,tt0328107,9509
Nightcrawler,2014,tt2872718,242582
El bola,2000,tt0243794,33504
Adaptation. El ladrón de orquídeas,2002,tt0268126,2757
La caza,2012,tt2106476,103663
Vengadores: Endgame,2019,tt4154796,299534
La casa de las dagas voladoras,2004,tt0385004,9550
Animales nocturnos,2016,tt4550098,340666
La vida de Adèle,2013,tt2278871,152584
Moonrise Kingdom,2012,tt1748122,83666
El irlandés,2019,tt1302006,398978
La gran belleza,2013,tt2358891,179144
Big Hero 6,2014,tt2245084,177572
Millennium: Los hombres que no amaban a las mujeres,2011,tt1568346,65754
Antes que el diablo sepa que has muerto,2007,tt0292963,7972
Tropa de élite,2007,tt0861739,7347
Jojo Rabbit,2019,tt2584384,515001
Dune: Parte Dos,2024,tt15239678,693134
Que Dios nos perdone,2016,tt4944596,394684
Pobres criaturas,2023,tt14230458,792307
Comanchería,2016,tt2582782,338766
Hierro 3,2004,tt0423866,1280
El Reino,2018,tt7095482,517331
Zootrópolis,2016,tt2948356,269149
Manchester frente al mar,2016,tt4034228,334541
Spider-Man: No Way Home,2021,tt10872600,634649
Spider-Man: Un nuevo universo,2018,tt4633694,324857
Truman,2015,tt3754940,341744
Black Mirror: Blanca Navidad,2014,tt3973198,1619257
El buen patrón,2021,tt13066182,820722
Top Gun: Maverick,2022,tt1745960,361743
La favorita,2018,tt5083738,375262
Toy Story 4,2019,tt1979376,301528
Your Name.,2016,tt5311514,372058
También la lluvia,2010,tt1422032,53596
Antes del anochecer,2013,tt2209418,132344
El experimento,2001,tt0250258,575
Roma,2018,tt6155172,426426
En la casa,2012,tt1964624,121875
Magical Girl,2014,tt3089326,282983
Cónclave,2024,tt20215234,974576
La mejor oferta,2013,tt1924396,152742
2046,2004,tt0212712,844
Salvador (Puig Antich),2006,tt0445691,1896
La trinchera infinita,2019,tt7937168,542928
Ponyo en el acantilado,2008,tt0876563,12429
Vals con Bashir,2008,tt1185616,8885
Guardianes de la galaxia Vol. 3,2023,tt6791350,447365
El viento que agita la cebada,2006,tt0460989,1116
Lion,2016,tt3741834,334543
El juicio de los 7 de Chicago,2020,tt1070874,556984
El 47,2024,tt27751957,1174481
Blancanieves,2012,tt1854513,127864
Animatrix,2003,tt0328832,55931
"Primavera, verano, otoño, invierno... y primavera",2003,tt0374546,113
Isla de perros,2018,tt5104604,399174
"Argentina, 1985",2022,tt15301048,714888
La voz dormida,2011,tt1688649,79745
Noviembre,2003,tt0376800,9775
"4 meses, 3 semanas, 2 días",2007,tt1032846,2009
Cinco lobitos,2022,tt14755038,835504
Tenemos que hablar de Kevin,2011,tt1242460,71859
La peor persona del mundo,2021,tt10370710,660120
Klaus,2019,tt4729430,508965
La escafandra y la mariposa,2007,tt0401383,2013
"Nader y Simin, una separación",2011,tt1832382,60243
Casa en llamas,2024,tt29793197,1218193
El libro negro,2006,tt0389557,9075
Habana Blues,2005,tt0441297,49256
La doncella (The Handmaiden),2016,tt4016934,290098
Spider-Man: Cruzando el Multiverso,2023,tt9362722,569094
Maixabel,2021,tt14077696,814312
Sing Street,2016,tt3544112,369557
Mommy,2014,tt3612616,265177
Arrugas,2011,tt1407052,85444
Cold War,2018,tt6543652,440298
Sympathy for Mr. Vengeance,2002,tt0310775,4689
Kubo y las dos cuerdas mágicas,2016,tt4302938,313297
Sound of Metal,2019,tt5363618,502033
El desafío: Frost contra Nixon,2008,tt0870111,11499
Encontré al diablo,2010,tt1588170,49797
Sympathy for Lady Vengeance,2005,tt0451094,4550
Fue la mano de Dios,2021,tt12680684,722778
Futurama: El gran golpe de Bender,2007,tt0471711,7249
El viento se levanta,2013,tt2013293,149870
Los edukadores,2004,tt0408777,276
Tropa de élite 2,2010,tt1555149,47931
"María, llena eres de gracia",2004,tt0390221,436
Perfect Days,2023,tt27503384,976893
Robot salvaje,2024,tt29623480,1184918
"Paprika, detective de los sueños",2006,tt0851578,4977
La habitación del hijo,2001,tt0208990,11447
Bienvenidos a Belleville,2003,tt0286244,9662
Confessions,2010,tt1590089,54186
Aftersun,2022,tt19770238,965150
Ip Man,2008,tt1220719,14756
En un mundo mejor,2010,tt1340107,44716
La vida en rosa,2007,tt0450188,1407
"Yo, él y Raquel",2015,tt2582496,308369
El caso Sloane,2016,tt4540710,376290
En tierra de nadie,2001,tt0283509,8342
Los Mitchell contra las máquinas,2021,tt7979580,501929
Un asunto de familia,2018,tt8075192,505192
Mustang,2015,tt3966404,336804
The Fall: El sueño de Alexandria,2006,tt0460791,14784
"Yo, Daniel Blake",2016,tt5168192,374473
Lugares comunes,2002,tt0329330,32546
Contra la pared,2004,tt0347048,363
El conde de Montecristo,2024,tt26446278,1084736
Chico & Rita,2010,tt1235830,63498
Una batalla tras otra,2025,tt30144839,1054867
El ciudadano ilustre,2016,tt4562518,408537
Kamchatka,2002,tt0320042,28710
Paradise Now,2005,tt0445620,67
Lilja Forever (Lilja 4-ever),2002,tt0300140,12093
Pájaros de papel,2010,tt1360822,50004
El maestro que prometió el mar,2023,tt11887316,1024541
La chica que saltaba a través del tiempo,2006,tt0808506,14069
20.000 especies de abejas,2023,tt21113962,1053600
Saben aquell,2023,tt27672387,1138248
Los miserables,2019,tt10199590,586863
El club,2015,tt4375438,319995
Despedidas,2008,tt1069238,16804
Control,2007,tt0421082,5708
El concierto,2009,tt1320082,25205
Cafarnaúm,2018,tt8267604,517814
El gato con botas: El último deseo,2022,tt3915174,315162
Tiempo de valientes,2005,tt0462570,78237
Arrietty y el mundo de los diminutos,2010,tt1568921,51739
Las flores de la guerra,2011,tt1410063,76758
Robot Dreams,2023,tt13429870,838240
Bloody Sunday (Domingo sangriento),2002,tt0280491,4107
El primer día del resto de tu vida,2008,tt0926759,12169
En la ciudad sin límites,2002,tt0311072,20316
The Visitor,2007,tt0857191,12473
Alabama Monroe,2012,tt2024519,137182
El ilusionista,2010,tt0775489,41201
Mantícora,2022,tt13014746,760158
La canción del mar,2014,tt1865505,110416
Juego sucio (Infernal Affairs),2002,tt0338564,10775
Ciudad de vida y muerte,2009,tt1124052,21345
Close,2022,tt9660502,901563
Mandarinas,2013,tt2991224,238628
El erizo,2009,tt1442519,19597
Manderlay,2005,tt0342735,1951
Hunger,2008,tt0986233,10360
Castaway on the Moon,2009,tt1499666,18438
Loving Vincent,2017,tt3262342,339877
La estrella azul,2023,tt11941694,1160878
Enter the Void,2009,tt1191111,34647
Brother,2000,tt0222851,327
Lejos del cielo,2002,tt0297884,10712
El cuento de la princesa Kaguya,2013,tt2576852,149871
Mother,2009,tt1216496,30018
La tortuga roja,2016,tt3666024,337703
Dolls,2002,tt0330229,870
Vías cruzadas,2003,tt0340377,2056
Waking Life,2001,tt0243017,9081
Jinetes de la justicia,2020,tt11655202,663870
"Batman: El regreso del Caballero Oscuro, Parte 2",2013,tt2166834,142061
Las vidas de Grace (Short Term 12),2013,tt2370248,169813
Al otro lado,2007,tt0880502,2014
Land of Mine (Bajo la arena),2015,tt3841424,335578
Redada asesina 2 (The Raid 2),2014,tt2265171,180299
The Chaser,2008,tt1190539,13855
"Deseo, peligro",2007,tt0808357,4588
El viajante,2016,tt5186714,375315
Lucky,2017,tt5859238,407449
Todo está iluminado,2005,tt0404030,340
Amén,2002,tt0280653,9045
Hedwig y The Angry Inch,2001,tt0248845,13403
Historias mínimas,2002,tt0291988,51378
La tierra prometida (The Bastard),2023,tt20561198,980026
Holy Spider (Araña sagrada),2022,tt18550140,889699
Los niños lobo,2012,tt2140203,110420
No,2012,tt2059255,110398
Ghost in the Shell 2: Innocence,2004,tt0347246,12140
Un hombre sin pasado,2002,tt0311519,7294
¿Dónde está mi cuerpo?,2019,tt9806192,586940
"De tal padre, tal hijo",2013,tt2331143,177945
Lazzaro feliz,2018,tt6752992,481432
Transamérica,2005,tt0407265,546
Un asunto real,2012,tt1276419,88273
Sweet Sixteen (Felices dieciséis),2002,tt0313670,1376
El secreto de Vera Drake,2004,tt0383694,11109
Nadie sabe,2004,tt0408664,2517
El Narco (El infierno),2010,tt1692190,52629
El señor Ibrahim y las flores del Corán,2003,tt0329388,337
One Cut of The Dead,2017,tt7914416,513434
Leviatán,2014,tt2802154,265180
Redención (Tyrannosaur),2011,tt1204340,76543
Machuca,2004,tt0378284,12086
Tomboy,2011,tt1847731,65229
Carandiru,2003,tt0293007,8440
Mi nombre es Khan,2010,tt1188996,26022
Frantz,2016,tt5029608,377263
"Batman: El regreso del Caballero Oscuro, Parte 1",2012,tt2313197,123025
Las ocho montañas,2022,tt14641542,803700
El regreso,2003,tt0376968,11190
El niño y la bestia,2015,tt4272866,315465
La vida de Calabacín,2016,tt2321405,393559
Cómo entrenar a tu dragón,2025,tt26743210,1087192
Tokyo Godfathers,2003,tt0388473,13398
The Quiet Girl,2022,tt15109082,916405
Monstruo,2023,tt23736044,1050035
Custodia compartida,2017,tt6002232,451657
"Cowboy Bebop, la película: Llamando a las puertas del cielo",2001,tt0275277,11299
El niño,2005,tt0456396,11490
Corpus Christi,2019,tt8649186,471707
La bicicleta verde,2012,tt2258858,129112
Oscura inocencia,2004,tt0370986,11171
Corazón gigante,2015,tt2611652,320736
El Principito,2015,tt1754656,309809
Roma,2004,tt0383862,43432
Buda explotó por vergüenza,2007,tt1094627,61820
El secreto del libro de Kells,2009,tt0485601,26963
Arcadia,2005,tt0422015,34186
En América,2002,tt0298845,10511
El abrazo de la serpiente,2015,tt4285496,336808
Millennium Actress,2001,tt0291350,33320
A Silent Voice,2016,tt5323662,378064
Aún estoy aquí,2024,tt14961016,1000837
Hace mucho que te quiero,2008,tt1068649,8276
Las hermanas de la Magdalena,2002,tt0318411,8094
Siempre nos quedará mañana,2023,tt21800162,1026227
Togo,2019,tt5116302,606856
Sin amor (Loveless),2017,tt6304162,429174
Wolfwalkers,2020,tt5198068,441130
Amor bajo el espino blanco,2010,tt1554523,50542
Suburra,2015,tt4025514,356296
El sueño de Valentín,2002,tt0296915,30125
El recuerdo de Marnie,2014,tt3398268,242828
Better Man,2024,tt14260836,799766
Girl,2018,tt8254556,515916
Sorry We Missed You,2019,tt8359816,522369
Yo maté a mi madre,2009,tt1424797,26280
My Sassy Girl,2001,tt0293715,11178
Suzume,2022,tt16428256,916224
Elsa & Fred,2005,tt0453047,22916
El ocaso del samurái,2002,tt0351817,12496
Las increíbles aventuras de Wallace y Gromit,2001,tt28380163,925535
Nimona,2023,tt19500164,961323
Lazos de guerra,2004,tt0386064,11658
Sorda,2025,tt26923797,1303613
"Quo Vadis, Aida?",2020,tt8633462,728118
Tierra de Dios,2017,tt5635086,428493
Evangelion: 1.0 You Are (Not) Alone,2007,tt0923811,15137
Conversaciones con mi jardinero,2007,tt0825244,4519
El insulto,2017,tt7048622,468284
Los domingos,2025,tt35513027,1443576
La vida es un milagro,2004,tt0322420,20128
El pan de la guerra (The Breadwinner),2017,tt3901826,435129
"Maudie, el color de la vida",2016,tt3721954,359784
El caballo de Turín,2011,tt1316540,81401
Laurence Anyways,2012,tt1650048,110160
El acontecimiento,2021,tt13880104,793998
Un día más con vida,2018,tt2967856,378107
Las consecuencias del amor,2004,tt0398883,24653
El arca rusa,2002,tt0318034,16646
Joint Security Area (JSA),2000,tt0260991,2440
Después de la boda,2006,tt0457655,3549
Los niños de San Judas,2003,tt0339707,49890
Evangelion 2.0 You Can (Not) Advance,2009,tt0860906,22843
Kneecap,2024,tt27367464,1180629
La fuente de las mujeres,2011,tt1686067,56418
Metro Manila,2013,tt1845838,158091
Time,2006,tt0497986,25648
Still Walking,2008,tt1087578,25050
Submarino,2010,tt1322385,46789
Dejad de quererme,2008,tt0996930,9736
Sueño de invierno (Winter Sleep),2014,tt2758880,265169
"Bombón, el perro",2004,tt0420548,29952
Especiales,2019,tt8655470,579245
"Oslo, 31 de agosto",2011,tt1736633,75233
Elling,2001,tt0279064,6007
Romería,2025,tt32538648,1182861
Memorias de un caracol,2024,tt23770030,1064486
Weekend,2011,tt1714210,79120
Yo capitán,2023,tt14225838,937746
Un héroe,2021,tt11777738,672208
Estómago,2007,tt1039960,69335
Agua,2005,tt0240200,7509
Radical,2023,tt14570440,1058694
Nuestra hermana pequeña,2015,tt3756788,315846
Osama,2003,tt0368913,14757
A propósito de Elly,2009,tt1360860,37181
Guardianes de la noche: Tren infinito,2020,tt11032374,635302
Buñuel en el laberinto de las tortugas,2018,tt7336470,510318
Voces inocentes,2004,tt0387914,20941
La cumbre de los dioses,2021,tt7014378,712454
El acusado,2021,tt13285394,756603
Para todos los gustos,2000,tt0216787,10697
Armonías de Werckmeister,2000,tt0249241,23160
Pájaros de verano,2018,tt6386748,438146
La semilla de la higuera sagrada,2024,tt32178949,1278263
Los limoneros,2008,tt1172963,7860
Evil (Ondskan),2003,tt0338309,11197
Una familia de Tokio,2013,tt1796652,187662
Klass (The Class),2007,tt0988108,28205
Regreso a casa,2014,tt3125472,259943
Ernest & Célestine,2012,tt1816518,126319
Welcome,2009,tt1314280,15712
Cerezos en flor,2008,tt0910559,6461
Solo nos queda bailar,2019,tt8963708,597088
El samurái sin nombre (Sword of the Stranger),2007,tt1121794,13980
La desconocida,2006,tt0494271,10886
Vampire Hunter D: Bloodlust,2000,tt0216651,15999
South Park: Imaginationland,2008,tt1308667,16023
Poesía,2010,tt1287878,47909
It's Such a Beautiful Day (Película),2012,tt2396224,489412
Omar,2013,tt2852406,187028
Hamilton,2020,tt8503618,556574
Vete y vive,2005,tt0388505,1986
Las ilusiones perdidas,2021,tt10505316,660000
Berserk. La Edad de Oro II: La batalla de Doldrey,2012,tt2358911,118412
Yi Yi,2000,tt0244316,25538
3 Idiots,2009,tt1187043,20453
Bugonia,2025,tt12300742,701387
El hijo,2002,tt0291172,35172
Berserk. La Edad de Oro III: El advenimiento,2013,tt2358913,144288
Caminar sobre las aguas,2004,tt0352994,26
"Hasta siempre, hijo mío",2019,tt9581076,493899
Una segunda madre,2015,tt3742378,310569
Un oso rojo,2002,tt0318523,125948
Tekkonkinkreet,2006,tt0831888,13754
Juntos,2000,tt0203166,742
In This World (En este mundo),2002,tt0310154,36791
Sang Woo y su abuela,2002,tt0312841,33251
Dead Man’s Shoes,2004,tt0419677,12877
La jaula de oro,2013,tt2042583,186976
Tabú,2012,tt2153963,93858
Ghost in the Shell 2.0,2008,tt1260502,14092
Crónica de una fuga,2006,tt0479354,25532
Josep,2020,tt10534996,680952
Cómo hacerse millonario antes de que muera la abuela,2024,tt31392609,1103621
Flee,2021,tt8430054,680813
Mind Game,2004,tt0452039,21712
Evangelion: 3.0+1.01 Thrice Upon a Time,2021,tt2458948,283566
Great Freedom (Gran libertad),2021,tt14775784,835975
Exposición de amor,2008,tt1128075,28422
El caftán azul,2022,tt17679584,958279
Jujutsu Kaisen 0: La película,2021,tt14331144,810693
Colorful,2010,tt1677561,64246
Contracorriente,2009,tt1368491,52799
La Liga de la Justicia: La paradoja del tiempo,2013,tt2820466,183011
El regreso de las golondrinas,2022,tt17097088,928720
El baño del Papa,2007,tt0482901,8267
Interstella 5555: The 5tory of the 5ecret 5tar 5ystem,2003,tt0368667,11049
La historia de Souleymane,2024,tt32086046,1158996
Hermanos (Brødre),2004,tt0386342,3875
Better Days,2019,tt9586294,575813
El viento,2005,tt0318765,95098
"Papicha, sueños de libertad",2019,tt9522080,592807
Los cien pasos (I cento passi),2000,tt0238891,29458
Todo o nada,2002,tt0286261,12454
Mi querido Frankie,2004,tt0377752,8981
La gran seducción,2003,tt0366532,41277
La espada oculta,2004,tt0442286,34019
Disparando a perros (Shooting Dogs),2005,tt0420901,8588
A primera vista,2014,tt1702014,237791
An Elephant Sitting Still,2018,tt8020896,499556
Guardianes de la noche: Kimetsu no Yaiba - La fortaleza infinita,2025,tt32820897,1311031
"Kenshin, El Guerrero Samurái: Final",2001,tt0294885,1502038
Infiel,2000,tt0157122,47595
En este rincón del mundo,2016,tt4769824,378108
Camino de la cruz,2014,tt3465916,254721
Samsara,2001,tt0196069,8341
Te quiero para siempre,2002,tt0315543,102
El círculo,2000,tt0255094,13898
Conducta,2014,tt3595966,259460
El hombre de Londres,2007,tt0415127,31262
La verdad de Soraya M.,2008,tt1277737,33409
Suzhou River,2000,tt0234837,11599
Crossing,2024,tt27417166,765421
Historias extraordinarias,2008,tt1225831,111188
Los amantes habituales,2005,tt0443844,45126
Tori y Lokita,2022,tt18317064,914203
Oasis,2002,tt0320193,26955
Bailo por dentro,2004,tt0417791,31165
El catador de venenos (Love and Honor),2006,tt0483578,20527
Los lobos,2019,tt9057808,586351
A Moment to Remember,2004,tt0428870,15859
Maspalomas,2025,tt34945265,1400214
Los caballos de Dios,2012,tt2369047,134908
Estrellas en la tierra,2007,tt0986264,7508
Conversaciones con mamá,2004,tt0356485,35005
Azur y Asmar,2006,tt0439123,19026
Shelter,2007,tt0942384,17483
Moolaadé (Protección),2004,tt0416991,39504
Reconstruction,2003,tt0366943,29456
Lluvia,2001,tt0233841,43774
1985,2018,tt6411590,502220
Tokyo Sonata,2008,tt0938341,8937
Las manzanas de Adam,2005,tt0418455,1023
Corn Island,2014,tt1863192,282376
Amal,2023,tt21916652,1181011
The First Slam Dunk,2022,tt15242330,783675
El niño y el mundo,2013,tt3183630,223706
Un simple accidente,2025,tt36491653,1456349
Las golondrinas de Kabul,2019,tt7534102,582881
El violín,2005,tt0451966,68259
Ciudad de hombres,2007,tt0870090,7343
En 80 días,2010,tt1600383,150664
La vida invisible de Eurídice Gusmão,2019,tt6390668,548544
A Sun,2019,tt10883506,622951
Conociendo a Matsuko,2006,tt0768120,31512
Collective,2019,tt10706602,618363
Un minuto de gloria (Glory),2016,tt5937296,408293
Softie,2021,tt12322986,661925
Happy Times,2000,tt0303243,45861
A Taxi Driver: Los héroes de Gwangju,2017,tt6878038,437068
"Marcel, la concha con zapatos",2021,tt15339456,869626
El peral salvaje,2018,tt6628102,418472
System Crasher,2019,tt8535968,567410
Boy A,2007,tt1078188,14748
Todos los niños invisibles,2005,tt0411098,24553
No Mercy,2010,tt1662557,50475
Silenced,2011,tt2070649,81481
The Taste of Tea (El sabor del té),2004,tt0413893,15318
Competencia desleal,2001,tt0254235,58509
No se admiten perros ni italianos,2022,tt12826598,715385
Green Border,2023,tt27722543,1121956
El destierro,2007,tt0488905,25142
Digimon Adventure: Last Evolution Kizuna,2020,tt9507234,571265
"Lagaan, érase una vez en la India",2001,tt0169102,19666
Quién lo impide,2021,tt15398166,531921
Un tiempo para los caballos borrachos,2000,tt0259072,29270
La ciudad está tranquila,2000,tt0234988,67385
Juntos (Together),2002,tt0332639,18385
Diez,2002,tt0301978,14633
La boda de Tuya,2006,tt0949564,2694
La culpa la tiene Fidel,2006,tt0792966,17460
En julio,2000,tt0177858,3716
El tonto,2014,tt3560686,285700
Red Cliff II,2009,tt1326972,15384
Ataque a los Titanes: El rugido del despertar,2018,tt7941892,492999
Misterios de Lisboa,2010,tt20259142,1474601
Redline,2009,tt1483797,71883
El lienzo (Le tableau),2011,tt1891769,98162
The Selfish Giant,2013,tt2304426,194101
Eleni (Trilogía I: Eleni),2004,tt0366721,37952
Chainsaw Man - La película: El arco de Reze,2025,tt30472557,1218925
Bolivia,2001,,
Otesánek (El pequeño Otik),2000,tt0228687,18939
Shara,2003,tt0363060,36281
Los viajes del viento,2009,tt1426374,39378
"El Cairo, 678",2010,tt1764141,85441
Steins Gate the Movie: Load Region of Déjà vu,2013,tt2967286,225745
In Darkness,2011,tt1417075,73686
La burbuja (Solos contra el mundo),2006,tt0476643,15976
Welcome to Dongmakgol,2005,tt0475783,14968
Una vida nueva,2009,tt1287875,48508
Attack on Titan: The Last Attack,2024,tt33175825,1333100
37 Seconds,2019,tt6156138,570735
Última Parada 174,2008,tt1280567,20268
PK,2014,tt2338151,297222
Anita,2009,tt1458527,29275
Primal: Tales of Savagery,2019,tt11191124,704264
La desaparición de Haruhi Suzumiya,2010,tt1572781,36865
Dalva,2022,tt19768016,958244
Blue Giant,2023,tt15737898,887870
La mercancía más preciosa,2024,tt10462154,842859
Play,2019,tt7998848,547258
Made in Abyss: el amanecer del alma profunda,2020,tt10068916,573730
Círculos,2013,tt1839522,110919
Happy Hour,2015,tt4780662,354759
Retablo,2017,tt7761590,499394
In the Crosswind,2014,tt2534660,262009
Dangal,2016,tt5074352,360814
Mi postre favorito,2024,tt31015278,1234591
Hope,2013,tt3153634,255709
Always,2011,tt2082180,86000
La extraña,2010,tt1288376,44246
Juventud en marcha,2006,tt0460480,82404
Ixcanul,2015,tt4135844,320001
My Winnipeg,2007,tt1093842,13241
Kabei: nuestra madre,2008,tt0855852,25746
Papusza,2013,tt2719094,205865
My Way,2011,tt1606384,94047
Un couple parfait (Una pareja perfecta),2005,tt0470951,79229
Strings (Cuerdas),2004,tt0374248,21290
El destino de Maya,2024,tt22257924,1028769
Deja de decir mentiras,2022,tt18626656,976293
Eyes Wide Open,2009,tt1424327,37810
Haikyu!! La batalla del basurero,2024,tt30476486,1012201
La puerta del retorno,2002,tt0313550,53267
Prince of Broadway,2008,tt1000769,87081
Heimat - La otra tierra,2013,tt1998204,215740
1987: Cuando llega el día,2017,tt6493286,437103
Wiñaypacha,2017,tt8260948,511425
Las vidas de Marona,2019,tt6785292,568381
Sympathy for the Devil,2019,tt7710486,636835
Salvaje inocencia,2001,tt0290841,103692
La flor,2018,tt9047474,423778
Vete a saber,2001,tt0242994,55372
Nosotros y ellos,2018,tt8033592,508747
Puella Magi Madoka Magica 3: Rebellion,2013,tt2457282,212162
Violet Evergarden: La película,2020,tt8652818,533514
Life Feels Good,2013,tt3092552,226437
"Ali Zaoua, príncipe de Casablanca",2000,tt0260688,49167
"This Is Not a Burial, It's a Resurrection",2019,tt10849514,618208
Si può fare,2008,tt1320297,23619
On Falling,2024,tt30766504,1225624
La venganza de una mujer,2012,tt2050453,89451
Memorias de China,2004,tt0424273,26137
Mujer en la playa,2006,tt0835787,54659
Fireworks Wednesday,2006,tt0845439,43766
Las mil y una noches: Vol.2. El desolado,2015,tt4692234,342179
El hombre que copiaba,2003,tt0367859,40823
Final Cut: Ladies and Gentlemen,2012,tt2243299,126314
2001: Una odisea del espacio,1968,tt0062622,62
Ordet (La palabra),1955,tt0048452,48035
El exorcista,1973,tt0070047,9552
El año pasado en Marienbad,1961,tt0054632,4024
Blade Runner,1982,tt0083658,78
Centauros del desierto,1956,tt0049730,3114
Al azar de Baltasar,1966,tt0060138,20108
El acorazado Potemkin,1925,tt0015648,643
El hombre de la cámara,1929,tt0019760,26317
La dolce vita,1960,tt0053779,439
El moderno Sherlock Holmes,1924,tt0015324,992
Persona,1966,tt0060827,797
Belladonna,1973,tt0071203,64847
El círculo rojo,1970,tt0065531,11657
Cuentos de la luna pálida,1953,tt0046478,14696
El salario del miedo,1953,tt0046268,204
Possession,1981,tt0082933,21484
Sopa de ganso,1933,tt0023969,3063
La pasión de Juana de Arco,1928,tt0019254,780
Maridos,1970,tt0065867,52105
Cleo de 5 a 7,1962,tt0055852,499
Satantango,1994,tt0111341,31414
Shoah,1985,tt0090015,42044
Las zapatillas rojas,1948,tt0040725,19542
Ven y mira,1985,tt0091251,25237
El graduado,1967,tt0061722,37247
Rashomon,1950,tt0042876,548
Rufufú,1958,tt0052216,24382
Stalker,1979,tt0079944,1398
Al final de la escapada,1960,tt0053472,269
Un americano en París,1951,tt0043278,2769
Videodrome,1983,tt0086541,837
"Jeanne Dielman, 23 Quai du Commerce, 1080 Bruxelles",1975,tt0073198,44012
Two Lovers,2008,tt1103275,10362
El contador de cartas,2021,tt11196036,643532
Adventureland,2009,tt1091722,16614
Mandy,2018,tt6998518,460885
La quimera,2023,tt14561712,837335
Diamantes en bruto,2019,tt5727208,473033
Redada asesina,2011,tt1899353,94329
Millennium Mambo,2001,tt0283283,11553
Fallen Leaves,2023,tt21027780,986280
Femme Fatale,2002,tt0280665,9280
La LEGO película,2014,tt1490017,137106
El hilo invisible,2017,tt5776858,400617
En tierra hostil,2008,tt0887912,12162
Misión: Imposible - Nación secreta,2015,tt2381249,177677
The Brutalist,2024,tt8999762,549509
John Wick 4,2023,tt10366206,603692
El árbol de la vida,2011,tt0478304,8967
Elephant,2003,tt0363589,1807
Anora,2024,tt28607951,1064213
Resurrection,2022,tt11540726,872497
La muerte del señor Lazarescu,2005,tt0456149,31032
Solo los amantes sobreviven,2013,tt1714915,152603
Decision to Leave,2022,tt12477480,705996
Holy Motors,2012,tt2076220,103328
Titane,2021,tt10944760,630240
Cerrar los ojos,2023,tt21284358,997294
Trouble Every Day,2001,tt0204700,40723
Melancolía,2011,tt1527186,62215
Under the Skin,2013,tt1441395,97370
La piel que habito,2011,tt1189073,63311
Grizzly Man,2005,tt0427312,501
Syndromes and a Century,2006,tt0477731,27904
Zodiac,2007,tt0443706,1949
A.I. Inteligencia Artificial,2001,tt0212720,644
Election,2005,tt0434008,18747
First Cow,2019,tt9231040,558582
Silencio,2016,tt0490215,68730
La sustancia,2024,tt17526714,933260
Casa de tolerancia,2011,tt1660379,84427
Toni Erdmann,2016,tt4048272,374475
Entre copas,2004,tt0375063,9675
"Ahora sí, antes no",2015,tt4768776,354275
It Follows,2014,tt3235888,270303
Drive My Car,2021,tt14039582,758866
Bone Tomahawk,2015,tt2494362,294963
Corrupción en Miami,2006,tt0430357,82
Rivales,2024,tt16426418,937287
Demonlover,2002,tt0284034,24488
La bruja,2015,tt4263482,310131
The Deep Blue Sea,2011,tt1700844,51994
Borat,2006,tt0443453,496
Brokeback Mountain,2005,tt0388795,142
Honor de cavalleria,2006,tt0799772,85461
Vortex,2021,tt14821150,807070
Hereditary,2018,tt7784604,493922
El hijo de Saúl,2015,tt3808342,336050
El topo,2011,tt1340800,49517
La red social,2010,tt1285016,37799
El aura,2005,tt0420509,13653
El sol del futuro,2023,tt16731908,925263
El reportero: la leyenda de Ron Burgundy,2004,tt0357413,8699
"Z, la ciudad perdida",2016,tt1212428,314095
El bosque,2004,tt0368447,6947
Qué difícil es ser un dios,2013,tt2328813,110402
¡Nop!,2022,tt10954984,762504
RRR,2022,tt8178634,579974
The Souvenir,2019,tt6920356,473019
Tournée,2010,tt1451762,41273
Vincere,2009,tt1156173,30239
Elle,2016,tt3716530,337674
Spider-Man 2,2004,tt0316654,558
"Goodbye, Dragon Inn",2003,tt0377556,56616
Infierno blanco,2011,tt1601913,75174
Moonlight,2016,tt4975722,376867
El poder del perro,2021,tt10293406,600583
Verano 1993,2017,tt5897636,438634
Ichi the Killer,2001,tt0296042,9696
Rogue One: Una historia de Star Wars,2016,tt3748528,330459
After,2009,tt1249363,39172
La cuadrilla,2001,tt0279977,35824
"Sobibor, 14 de octubre de 1943, 16 horas",2001,tt0286978,103695
"En realidad, nunca estuviste aquí",2017,tt5742374,398181
Mud,2012,tt1935179,103731
Saraband,2003,tt0299478,55650
Teniente corrupto: Nueva Orleans,2009,tt1095217,11699
Watchmen,2009,tt0409459,13183
La asistenta,2025,tt27543632,1368166
Proyecto Salvación,2026,tt12042730,687163
Vaiana,2016,tt3521164,277834
Solo en casa 2: Perdido en Nueva York,1992,tt0104431,772
Cars,2006,tt0317219,920
Resacón 2: ¡Ahora en Tailandia!,2011,tt1411697,45243
Regreso al futuro: Parte II,1989,tt0096874,165
Supersalidos,2007,tt0829482,8363
Solo en casa,1990,tt0099785,771
Michael,2026,tt11378946,936075
Sin piedad,2026,tt31050594,1236153
Hamnet,2025,tt14905854,858024
La ventana secreta,2004,tt0363988,1586
Death Race: La carrera de la muerte,2008,tt0452608,10483
Megalodón,2018,tt4779682,345940
Lara Croft: Tomb Raider,2001,tt0146316,1995
Alien vs. Predator,2004,tt0370263,395
Fast & Furious: Hobbs & Shaw,2019,tt6806448,384018
Black Phone,2021,tt7144666,756999
Godzilla vs. Kong,2021,tt5034838,399566
Battleship,2012,tt1440129,44833
Ghost Rider: El motorista fantasma,2007,tt0259324,1250
Enemigo público,1998,tt0120660,9798
La huérfana,2009,tt1148204,21208
Objetivo: La Casa Blanca,2013,tt2302755,117263
El dragón rojo,2002,tt0289765,9533
Langosta,2015,tt3464902,254320
La niebla de Stephen King,2007,tt0884328,5876
Ocean's 13,2007,tt0496806,298
Luca,2021,tt12801262,508943
Chicken Run: Evasión en la granja,2000,tt0120630,7443
El incidente,2008,tt0949731,8645
La guerra del mañana,2021,tt9777666,588228
Ghost,1990,tt0099653,251
Babadook,2014,tt2321549,242224
El inocente,2011,tt1189340,50348
Karate Kid,1984,tt0087538,1885
La pasión de Cristo,2004,tt0335345,615
Dirty Dancing,1987,tt0092890,88
Robin Hood,2010,tt0955308,20662
Asesinato en el Orient Express,2017,tt3402236,392044
Un lugar tranquilo 2,2020,tt8332922,520763
Frankenstein,2025,tt1312221,1062722
Enemigos públicos,2009,tt1152836,11322
Apolo 13,1995,tt0112384,568
Insomnio,2002,tt0278504,320
El Camino. Una película de Breaking Bad,2019,tt9243946,559969
Los intocables de Eliot Ness,1987,tt0094226,117
Salidos de cuentas,2010,tt1231583,41733
Click,2006,tt0389860,9339
Aniquilación,2018,tt2798920,300668
Sweeney Todd: El barbero diabólico de la calle Fleet,2007,tt0408236,13885
Señales,2002,tt0286106,2675
Maléfica,2014,tt1587310,102651
Top Gun: Ídolos del aire,1986,tt0092099,744
Love Actually,2003,tt0314331,508
"Crazy, Stupid, Love.",2011,tt1570728,50646
Misión: Imposible - Sentencia mortal. Parte Uno,2023,tt9603212,575264
Hora punta,1998,tt0120812,2109
Transporter,2002,tt0293662,4108
Déjà vu,2006,tt0453467,7551
El libro de Eli,2010,tt1037705,20504
Abierto hasta el amanecer,1996,tt0116367,755
Jurassic Park III,2001,tt0163025,331
Los Increíbles 2,2018,tt3606756,260513
Superfumados,2008,tt0910936,10189
Los 4 Fantásticos,2005,tt0120667,9738
The Interview,2014,tt2788710,228967
La búsqueda,2004,tt0368891,2059
Los mercenarios,2010,tt1320253,27578
Acero puro,2011,tt0433035,39254
Terminator: Salvation,2009,tt0438488,534
Black Panther: Wakanda Forever,2022,tt9114286,505642
Kingsman: El círculo de oro,2017,tt4649466,343668
Cómo entrenar a tu dragón 2,2014,tt1646971,82702
The Italian Job,2003,tt0317740,9654
Constantine,2005,tt0360486,561
Misión: Imposible 2,2000,tt0120755,955
Los juegos del hambre: Sinsajo - Parte 2,2015,tt1951266,131634
Dos buenos tipos,2016,tt3799694,290250
Speed - Máxima potencia,1994,tt0111257,1637
Misión: Imposible 3,2006,tt0317919,956
Wanted,2008,tt0493464,8909
Terminator 3: La rebelión de las máquinas,2003,tt0181852,296
Monstruoso,2008,tt1060277,7191
Black Hawk derribado,2001,tt0265086,855
The Fast and the Furious,2001,tt0232500,9799
El escuadrón suicida,2021,tt6334354,436969
Thor: Love and Thunder,2022,tt10648342,616037
Godzilla,2014,tt0831387,124905
King Kong,2005,tt0360717,254
Armageddon,1998,tt0120591,95
Sin tiempo para morir,2021,tt2382320,370172
Free Guy,2021,tt6264654,550988
Tropic Thunder: ¡Una guerra muy perra!,2008,tt0942385,7446
Spectre,2015,tt2379713,206647
Ant-Man y la Avispa,2018,tt5095030,363088
Quantum of Solace,2008,tt0830515,10764
Jumanji: Bienvenidos a la jungla,2017,tt2283362,353486
Mission: Impossible,1996,tt0117060,954
Bullet Train,2022,tt12593682,718930
Sicario,2015,tt3397884,273481
Los juegos del hambre: Sinsajo - Parte 1,2014,tt1951265,131631
Aquaman,2018,tt1477834,297802
El corredor del laberinto,2014,tt1790864,198663
El increíble Hulk,2008,tt0800080,1724
The Amazing Spider-Man 2: El poder de Electro,2014,tt1872181,102382
Sr. y Sra. Smith,2005,tt0356910,787
Star Trek,2009,tt0796366,13475
Independence Day,1996,tt0116629,602
Capitana Marvel,2019,tt4154664,299537
Wonder Woman,2017,tt0451279,297762
Skyfall,2012,tt1074638,37724
Spider-Man: Homecoming,2017,tt2250912,315635
Guardianes de la Galaxia Vol. 2,2017,tt3896198,283995
Doctor Strange. Doctor Extraño,2016,tt1211837,284052
Capitán América: El primer vengador,2011,tt0458339,1771
Capitán América: El Soldado de Invierno,2014,tt1843866,100402
Vengadores: La era de Ultrón,2015,tt2395427,99861
Iron Man,2008,tt0371746,1726
Guardianes de la Galaxia,2014,tt2015381,118340
Terminator 2: El juicio final,1991,tt0103064,280
Todo a la vez en todas partes,2022,tt6710474,545611
Ángeles y demonios,2009,tt0808151,13448
Garfield: La película,2004,tt0356634,8920
Eurotrip,2004,tt0356150,9352
Primos,2011,tt1592521,56647
Los ángeles de Charlie: Al límite,2003,tt0305357,9471
The Town: Ciudad de ladrones,2010,tt0840361,23168
Resacón en Las Vegas,2009,tt1119646,18785
Bienvenidos a Zombieland,2009,tt1156398,19908
Insidious,2010,tt1591095,49018
Moulin Rouge,2001,tt0203009,824
El aviador,2004,tt0338751,2567
Gangs of New York,2002,tt0217505,3131
La lengua de las mariposas,1999,tt0188030,31023
El show de Truman,1998,tt0120382,37165
El indomable Will Hunting,1997,tt0119217,489
The Game,1997,tt0119174,2649
Hardball,2001,tt0180734,20857
Spider-Man 3,2007,tt0413300,559
21: Black Jack,2008,tt0478087,8065
La guerra de los mundos,2005,tt0407304,74
La matanza de Texas,1974,tt0072271,30497
Spider-Man,2002,tt0145487,557
Ali G anda suelto,2002,tt0284837,9298
Distrito 9,2009,tt1136608,17654
"Che, el argentino",2008,tt0892255,8881
Transformers,2007,tt0418279,1858
Serpientes en el avión,2006,tt0417148,326
Crank: Veneno en la sangre,2006,tt0479884,1948
Hooligans,2005,tt0385002,8923
Frágiles,2005,tt0422272,11348
"Yo, robot",2004,tt0343818,2048
Amanecer de los muertos,2004,tt0363547,924
La terminal,2004,tt0362227,594
2 Fast 2 Furious: A todo gas 2,2003,tt0322259,584
28 días después,2002,tt0289043,170
The Ring,2002,tt0298130,565
Mr. Deeds,2002,tt0280590,2022
La habitación del pánico,2002,tt0258000,4547
Dos policías rebeldes II,2003,tt0172156,8961
Austin Powers en Miembro de Oro,2002,tt0295178,818
Hostel,2005,tt0450278,1690
El cabo del miedo,1991,tt0101540,1598
Project X,2012,tt1636826,57214
Grindhouse: Planet Terror,2007,tt1077258,1992
Jack y su gemela,2011,tt0810913,71880
Grupo 7,2012,tt1924277,98582
Kung Fu sion,2004,tt0373074,9470
El último tren a Auschwitz,2006,tt0460492,34066
Lío embarazoso,2007,tt0478311,4964
Blade II,2002,tt0187738,36586
Los juegos del hambre,2012,tt1392170,70160
La casa de cera,2005,tt0397065,10066
1408,2007,tt0450385,3021
Legión,2010,tt1038686,22894
Daredevil,2003,tt0287978,9480
Sleepy Hollow,1999,tt0162661,2668
Sherlock Holmes,2009,tt0988045,10528
American Pie: El reencuentro,2012,tt1605630,71552
Arrástrame al infierno,2009,tt1127180,16871
Paranormal Activity 3,2011,tt1778304,72571
Paranormal Activity,2007,tt1179904,23827
Cowboys & Aliens,2011,tt0409847,49849
El último exorcismo,2010,tt1320244,38358
Devil Inside,2012,tt1560985,76487
[REC],2007,tt1038988,8329
[REC]²,2009,tt1245112,10664
Troya,2004,tt0332452,652
Camarón,2005,tt0448404,63616
World Trade Center,2006,tt0469641,1852
Ratas a la carrera,2001,tt0250687,9896
Hancock,2008,tt0448157,8960
Soy leyenda,2007,tt0480249,6479
Doomsday: El día del juicio,2008,tt0483607,13460
Devorador de pecados,2003,tt0304711,9616
Trainspotting,1996,tt0117951,627
28 semanas después,2007,tt0463854,1562
[REC]³: Génesis,2012,tt1649444,80280
Encadenados,1946,tt0038787,303
Titanic,1997,tt0120338,597
Harry Potter y la cámara secreta,2002,tt0295297,672
Harry Potter y el prisionero de Azkaban,2004,tt0304141,673
Harry Potter y el cáliz de fuego,2005,tt0330373,674
Harry Potter y el misterio del príncipe,2009,tt0417741,767
Harry Potter y las Reliquias de la Muerte: Parte 1,2010,tt0926084,12444
Zohan: Licencia para peinar,2008,tt0960144,10661
Darkness,2002,tt0273517,11056
El reino de los cielos,2005,tt0320661,1495
Prometheus,2012,tt1446714,70981
Tensión sexual no resuelta,2010,tt1490759,41242
Di que sí,2008,tt1068680,10201
Como Dios,2003,tt0315327,310
Get rich or die tryin',2005,tt0430308,10060
8 millas,2002,tt0298203,65
2012,2009,tt1190080,14161
Van Helsing,2004,tt0338526,7131
Gothika,2003,tt0348836,4970
Los mercenarios 2,2012,tt1764651,76163
Días de fútbol,2003,tt0377834,54148
Fuga de cerebros,2009,tt1272013,18120
Amor ciego,2001,tt0256380,9889
Un paseo para recordar,2002,tt0281358,10229
Next,2007,tt0435705,1738
Los fantasmas de Goya,2006,tt0455957,11515
Todos los días de mi vida,2012,tt1606389,72570
El club de la lucha,1999,tt0137523,550
Rango,2011,tt1192628,44896
El dictador,2012,tt1645170,76493
Fuga de cerebros 2,2011,tt1861334,80105
Splice: Experimento mortal,2009,tt1017460,37707
RED,2010,tt1245526,39514
Las aventuras de Huckleberry Finn,1993,tt0106223,34723
Domino,2005,tt0421054,9923
Jumanji,1995,tt0113497,8844
Río,2011,tt1436562,46195
Plague Town,2008,tt1118687,27612
Acto de valor,2012,tt1591479,75674
La cena de los idiotas,1998,tt0119038,9421
Men in Black 3,2012,tt1409024,41154
El Gato con Botas: Los tres diablos,2012,tt2268617,83201
Marvel Los Vengadores,2012,tt0848228,24428
Código fuente,2011,tt0945513,45612
Imparable,2010,tt0477080,44048
Última llamada,2002,tt0183649,1817
La prueba,2003,tt0292506,1647
Venganza,2008,tt0936501,8681
Gattaca,1997,tt0119177,782
Bangkok dangerous,2008,tt0814022,13184
Ip Man 2,2010,tt1386932,37472
El caballero negro,2001,tt0265087,11469
Carta blanca,2011,tt0480687,48988
G.I. Joe,2009,tt1046173,14869
Fast & Furious 5,2011,tt1596343,51497
Barridos por la marea,2002,tt0291502,12779
The Tourist,2010,tt1243957,37710
Los extraños,2008,tt0482606,10665
Regreso al lago azul,1991,tt0102782,13888
Criminal,2004,tt0362526,14198
Ted,2012,tt1637725,72105
Distrito 13,2004,tt0414852,10045
Atrapado en el tiempo,1993,tt0107048,137
K-Pax: Un universo aparte,2001,tt0272152,167
Amor y otras drogas,2010,tt0758752,43347
Brave: Indomable,2012,tt1217209,62177
Memorias de África,1985,tt0089755,606
El día de mañana,2004,tt0319262,435
El origen del planeta de los simios,2011,tt1318514,61791
Las aventuras de Tadeo Jones,2012,tt1764625,121734
American Pie 2,2001,tt0252866,2770
Buen rollito,2001,tt0278488,8386
Fracture,2007,tt0488120,6145
Hellboy,2004,tt0167190,1487
El niño con el pijama de rayas,2008,tt0914798,14574
Secuestrada,2011,tt1321861,72912
Amenazados,2010,tt0914863,38199
La proposición,2009,tt1041829,18240
Kung Fu Panda,2008,tt0441773,9502
Hitch: Especialista en ligues,2005,tt0386588,8488
Coach Carter,2005,tt0393162,7214
Área 407 - La cinta 407,2012,tt2062661,92393
Cube,1997,tt0123755,431
Eva,2011,tt1298554,77561
Un plan perfecto,2010,tt1664010,153436
Red de mentiras,2008,tt0758774,12113
Sin City,2005,tt0401792,187
Salvar al soldado Ryan,1998,tt0120815,857
Casino Royale,2006,tt0381061,36557
More Than a Game,2008,tt1286821,33295
Madhouse,2004,tt0363276,17209
Las chicas de la 6ª planta,2010,tt1805297,57243
Looper,2012,tt1276104,59967
Mátalos suavemente,2012,tt1764234,64689
Ice Age 4: La formación de los continentes,2012,tt1667889,57800
Las aventuras de Tintín: El secreto del unicornio,2011,tt0983193,17578
La red,1995,tt0113957,1642
Alicia en el país de las maravillas,2010,tt1014759,12155
Lo imposible,2012,tt1649419,80278
Venganza: Conexión Estambul,2012,tt1397280,82675
Blancanieves y la leyenda del cazador,2012,tt1735898,58595
Velocidad al límite,2008,tt1071780,71907
60 segundos,2000,tt0187078,9679
Minority Report,2002,tt0181689,180
Babylon A.D.,2008,tt0364970,9381
La cruda realidad,2009,tt1142988,20943
Underworld,2003,tt0320691,277
Jacuzzi al pasado,2010,tt1231587,23048
Footloose,1984,tt0087277,1788
88 minutos,2007,tt0411061,3489
Dredd,2012,tt1343727,49049
Alejandro Magno,2004,tt0346491,1966
Sinister,2012,tt1922777,82507
Manolito Gafotas,1999,tt0206117,72900
Cuando te encuentre,2012,tt1327194,77877
El mundo es suyo,2018,tt6831724,516363
El mundo es nuestro,2012,tt2378171,115655
Fast & Furious: Aún más rápido,2009,tt1013752,13804
Niños grandes,2010,tt1375670,38365
Fast & Furious 6,2013,tt1905041,82992
Kung Fu Panda 2,2011,tt1302011,49444
Ira de titanes,2012,tt1646987,57165
Furia de titanes,2010,tt0800320,18823
Miedo y asco en Las Vegas,1998,tt0120669,1878
A todo gas: Tokyo Race,2006,tt0463985,9615
Tengo ganas de ti,2012,tt1797504,109689
3 metros sobre el cielo,2010,tt1648216,61979
Crepúsculo,2008,tt1099212,8966
La saga Crepúsculo: Luna nueva,2009,tt1259571,18239
La saga Crepúsculo: Eclipse,2010,tt1325004,24021
The Amazing Spider-Man,2012,tt0948470,1930
American Beauty,1999,tt0169547,14
La saga Crepúsculo: Amanecer - Parte 1,2011,tt1324999,50619
La saga Crepúsculo: Amanecer - Parte 2,2012,tt1673434,50620
Step Up Revolution,2012,tt1800741,85446
The Possession: El origen del mal,2012,tt0431021,77883
Dos rubias de pelo en pecho,2004,tt0381707,12153
Hansel y Gretel: Cazadores de brujas,2013,tt1428538,60304
Destino final,2000,tt0195714,9532
Sucker Punch,2011,tt0978764,23629
Tron: Legacy,2010,tt1104001,20526
Paranormal Activity 4,2012,tt2109184,82990
R3sacón,2013,tt1951261,109439
Panorama para matar,1985,tt0090264,707
Conociendo el mal,2012,tt1810697,94204
Gru: Mi villano favorito,2010,tt1323594,20352
Los padres de él,2004,tt0290002,693
Atrapados en Chernóbil,2012,tt1991245,93856
Vaya par de polis,2010,tt1385867,23742
Escalofrío,2001,tt0264616,12149
En campaña todo vale,2012,tt1790886,77953
Sin frenos,2012,tt1547234,49526
Ocean's Twelve. Uno más entra en juego,2004,tt0349903,163
El último samurái,2003,tt0325710,616
Iron Man 2,2010,tt1228705,10138
Un desmadre de viaje,2012,tt1694020,82687
American Playboy,2009,tt1186370,19918
Abraham Lincoln: Cazador de vampiros,2012,tt1611224,72331
Iron Man 3,2013,tt1300854,68721
El milagro de P. Tinto,1998,tt0151572,30145
Las ruinas,2008,tt0963794,11152
El grito 3,2009,tt1053859,1977
Toy Story,1995,tt0114709,862
Toy Story 2,1999,tt0120363,863
Freddy contra Jason,2003,tt0329101,6466
Pesadilla en Elm Street. El origen,2010,tt1179056,23437
Viernes 13,2009,tt0758746,13207
Wild Wild West,1999,tt0120891,8487
Superman Returns: El regreso,2006,tt0348150,1452
Piratas del Caribe: En mareas misteriosas,2011,tt1298650,1865
Piratas del Caribe: En el fin del mundo,2007,tt0449088,285
Matilda,1996,tt0117008,10830
El penalti más largo del mundo,2005,tt0430454,43431
Headhunters,2011,tt1614989,70670
El cuervo,1994,tt0109506,9495
X-Men,2000,tt0120903,36657
X-Men 2,2003,tt0290334,36658
Scary Movie 5,2013,tt0795461,4258
X-Men: La decisión final,2006,tt0376994,36668
El gran Gatsby,2013,tt1343092,64682
El vuelo,2012,tt1907668,87502
Scary Movie,2000,tt0175142,4247
Algo pasa con Mary,1998,tt0129387,544
Chronicle,2012,tt1706593,76726
Pearl Harbor,2001,tt0213149,676
After Earth,2013,tt1815862,82700
Asalto al poder,2013,tt2334879,117251
El odio,1995,tt0113247,406
Shooter: El tirador,2007,tt0822854,7485
El lado bueno de las cosas,2012,tt1045658,82693
San Valentín sangriento,2009,tt1179891,14435
El guía del desfiladero,2007,tt0446013,1534
El guerrero nº 13,1999,tt0120657,1911
Monstruos University,2013,tt1453405,62211
9 días,2002,tt0280486,3132
Fuego cruzado,2012,tt1925431,139567
Silent Hill,2006,tt0384537,588
The Purge: La noche de las bestias,2013,tt2184339,158015
Los amos de Brooklyn,2009,tt1210042,26390
Memorias de un zombie adolescente,2013,tt1588173,82654
Jobs,2013,tt2357129,115782
Salt,2010,tt0944835,27576
Los Pelayos,2012,tt1843202,98586
Libertad para morir,1990,tt0099385,17466
Dragón,2011,tt1718199,70057
Antz,1998,tt0120587,8916
Bichos: Una aventura en miniatura,1998,tt0120623,9487
Elysium,2013,tt1535108,68724
Los seis signos de la luz,2007,tt0484562,2274
Intruders,2011,tt1634121,63207
Expediente Warren: The Conjuring,2013,tt1457767,138843
Gru 2: Mi villano favorito,2013,tt1690953,93456
Sigo como Dios,2007,tt0413099,2698
Aviones,2013,tt1691917,151960
Kick Ass 2: Con un par,2013,tt1650554,59859
Juerga hasta el fin,2013,tt1245492,109414
El nombre de la rosa,1986,tt0091605,192
"Amanece, que no es poco",1989,tt0094641,20607
El orfanato,2007,tt0464141,6537
American Pie 7: El libro del amor,2009,tt1407050,26123
La momia: La tumba del emperador Dragón,2008,tt0859163,1735
Mamá,2013,tt2023587,132232
Polisse,2011,tt1661420,71157
Asalto al tren Pelham 1 2 3,2009,tt1111422,18487
Oblivion,2013,tt1483013,75612
Los Croods,2013,tt0481499,49519
Virgen a los 40,2005,tt0405422,6957
Scary Movie 2,2001,tt0257106,4248
Scary Movie 3,2003,tt0306047,4256
Scary Movie 4,2006,tt0362120,4257
Déjate llevar,2006,tt0446046,12763
Amanecer rojo,1984,tt0087985,1880
Princesa por sorpresa,2001,tt0247638,9880
Se montó la gorda,2003,tt0305669,10678
Bad Teacher,2011,tt1284575,52449
Bandidas,2006,tt0416496,1969
Los Aristogatos,1970,tt0065421,10112
El libro de la selva,1967,tt0061852,9325
101 dálmatas,1961,tt0055254,12230
Valiant,2005,tt0361089,14175
Jumper,2008,tt0489099,8247
The descent,2005,tt0435625,9392
Blade,1998,tt0120611,36647
Blade: Trinity,2004,tt0359013,36648
Hellboy II: El ejército dorado,2008,tt0411477,11253
The Faculty,1998,tt0133751,9276
La momia,1999,tt0120616,564
The Ring 2,2005,tt0377109,10320
Aladdín,1992,tt0103639,812
Sin identidad,2011,tt1401152,48138
Papá Canguro,2003,tt0317303,10708
La caverna maldita,2005,tt0402901,9042
Las crónicas de Riddick,2004,tt0296572,2789
Scooby-Doo,2002,tt0267913,9637
La isla,2005,tt0399201,1635
Dos policías rebeldes,1995,tt0112442,9737
Esta abuela es un peligro,2000,tt0208003,9600
Seguridad nacional,2003,tt0271668,11078
50 primeras citas,2004,tt0343660,1824
La invención de Hugo,2011,tt0970179,44826
La Roca,1996,tt0117500,9802
Ciudad sin piedad,1961,tt0055539,93427
Ahora me ves...,2013,tt1670345,75656
Paul,2011,tt1092026,39513
Scanners 3: El poder de la mente,1991,tt0105322,33305
Battle Royale,2000,tt0266308,3176
Eduardo Manostijeras,1990,tt0099487,162
La habitación de Fermat,2007,tt1016301,5595
El código Da Vinci,2006,tt0382625,591
La gran estafa americana,2013,tt1800241,168672
Las brujas de Zugarramurdi,2013,tt2404738,179538
El último mohicano,1992,tt0104691,9361
Guerra mundial Z,2013,tt0816711,72190
Gravity,2013,tt1454468,49047
Grease,1978,tt0077631,621
Fiebre del sábado noche,1977,tt0076666,11009
Km. 666 III: Camino Sangriento 3,2009,tt1261978,23823
La jungla: Un buen día para morir,2013,tt1606378,47964
Gangster Squad. Brigada de élite,2013,tt1321870,82682
Cruce de caminos,2012,tt1817273,97367
Empire,2002,tt0262396,13369
Rain Man,1988,tt0095953,380
Ocho apellidos vascos,2014,tt2955316,236737
Lock & Stock,1998,tt0120735,100
3 bodas de más,2013,tt2418440,201765
Infiltrados en clase,2012,tt1232829,64688
Revolver de Guy Ritchie,2005,tt0365686,10851
La vida secreta de Walter Mitty,2013,tt0359950,116745
Señales del futuro,2009,tt0448011,13811
Abuelos al poder,2012,tt1047540,88042
El invitado,2012,tt1599348,59961
Golpe de efecto,2012,tt2083383,87825
¡Rompe Ralph!,2012,tt1772341,82690
Frozen: El reino del hielo,2013,tt2294629,109445
Séptimo,2013,tt2403961,214761
Lecciones de seducción,2013,tt2641874,184724
La caza de Thomas Vinterberg,2012,tt2106476,103663
Casino,1995,tt0112641,524
Plan de escape,2013,tt1211956,107846
Dolor y dinero,2013,tt1980209,134374
¡Campeones! La Roja,2012,tt2706268,579675
Los padres de ella,2000,tt0212338,1597
Agárralo como puedas 2 1/2: El aroma del miedo,1991,tt0102510,37137
Negocios sucios,2001,tt0227984,1613
La gran familia española,2013,tt2252680,215848
Hércules,2014,tt1267297,184315
Jugar para ganar,2009,tt1299377,189407
Futbolín,2013,tt1634003,153158
Ni en sueños,2010,tt0815236,34016
Malavita,2013,tt2404311,112205
Los juegos del hambre: En llamas,2013,tt1951264,101299
Philadelphia,1993,tt0107818,9800
Número 9,2009,tt0472033,12244
The River Wild,1994,tt0110997,8987
X-Men orígenes: Lobezno,2009,tt0458525,2080
X-Men: Primera generación,2011,tt1270798,49538
El hobbit: La desolación de Smaug,2013,tt1170358,57158
Banderas de nuestros padres,2006,tt0418689,3683
Jurassic Park,1993,tt0107290,329
Los becarios,2013,tt2234155,116741
Cuestión de pelotas,2004,tt0364725,9472
El amanecer del planeta de los simios,2014,tt2103281,119450
El mundo perdido: Jurassic Park,1997,tt0119567,330
Río 2,2014,tt2357291,172385
Isi/Disi: Amor a lo bestia,2004,tt0390136,48635
Los amantes pasajeros,2013,tt2243389,144789
Charlie y la fábrica de chocolate,2005,tt0367594,118
Lluvia de albóndigas,2009,tt0844471,22794
Abuelo malo,2013,tt3063516,208134
Asesinato justo,2008,tt1034331,13389
Asalto al distrito 13,2005,tt0398712,8978
R.I.P.D. Departamento de policía mortal,2013,tt0790736,49524
Dick y Jane: Ladrones de risa,2005,tt0369441,7552
Transporter 3,2008,tt1129442,13387
American Psycho,2000,tt0144084,1359
En el punto de mira,2008,tt0443274,7461
Sospechosos habituales,1995,tt0114814,629
RoboCop,2014,tt1234721,97020
El imperio del fuego,2002,tt0253556,6278
Los mercenarios 3,2014,tt2333784,138103
El número 23,2007,tt0481369,3594
Cómo perder a un chico en 10 días,2003,tt0251127,9919
Los amos del barrio,2012,tt1298649,80035
30 minutos o menos,2011,tt1622547,62206
Matrix Revolutions,2003,tt0242653,605
Matrix Reloaded,2003,tt0234215,604
Insidious,2013,tt2226417,91586
Manual de amor,2005,tt0417944,20068
Los elegidos,2013,tt2387433,145135
Anarchy: La noche de las bestias,2014,tt2975578,238636
Shine,1996,tt0117631,7863
El mayordomo,2013,tt1327773,132363
Bienvenidos al fin del mundo,2013,tt1213663,107985
Ninja Assassin,2009,tt1186367,22832
El hombre de la máscara de hierro,1998,tt0120744,9313
El llanero solitario,2013,tt1210819,57201
Sherlock Holmes: Juego de sombras,2011,tt1515091,58574
Mil maneras de morder el polvo,2014,tt2557490,188161
Lobezno inmortal,2013,tt1430132,76170
X-Men: Días del futuro pasado,2014,tt1877832,127585
El perfume: Historia de un asesino,2006,tt0396171,1427
Atrapado por su pasado,1993,tt0106519,6075
El padrino parte III,1990,tt0099674,242
Heat,1995,tt0113277,949
Esencia de mujer,1992,tt0105323,9475
Noé,2014,tt1959490,86834
Cómo ser John Malkovich,1999,tt0120601,492
El método,2005,tt0427582,21043
Huracán Carter,1999,tt0174856,10400
Identidad,2003,tt0309698,2832
I Am Bruce Lee,2012,tt1954299,84383
El gran Lebowski,1998,tt0118715,115
Jackie Chan: Mi historia,1998,tt0242545,46122
Depredador,1987,tt0093773,106
La mosca,1986,tt0091064,9426
Rebelión adolescente,2009,tt0403702,22327
Sex Tape. Algo pasa en la nube,2014,tt1956620,225886
El hobbit: La batalla de los cinco ejércitos,2014,tt2310332,122917
El gran Vázquez,2010,tt1525915,57413
Dos colgaos muy fumaos en Navidad,2011,tt1268799,55465
Moneyball: Rompiendo las reglas,2011,tt1210166,60308
Corazones de acero,2014,tt2713180,228150
La sombra del poder,2009,tt0473705,16995
La venganza del conde de Montecristo,2002,tt0245844,11362
Sin límites,2011,tt1219289,51876
Agárralo como puedas,1988,tt0095705,37136
Johnny Mad Dog,2008,tt1042424,8929
Destino oculto,2011,tt1385826,38050
El Gato con Botas,2011,tt0448694,417859
American Pie: ¡Menuda boda!,2003,tt0328828,8273
American Pie,1999,tt0163651,2105
Hot Shots! 2,1993,tt0107144,9255
Hot Shots!,1991,tt0102059,9595
In Time,2011,tt1637688,49530
Eragon,2006,tt0449010,2486
Jackie Brown,1997,tt0119396,184
Planet 51,2009,tt0762125,16866
"Shrek, felices para siempre",2010,tt0892791,10192
Men in Black,1997,tt0119654,607
Braveheart,1995,tt0112573,197
Con Air,1997,tt0118880,1701
Shrek tercero,2007,tt0413267,810
Monster House,2006,tt0385880,9297
Torrente 3: El protector,2005,tt0444505,1285
Torrente 4: Lethal Crisis,2011,tt1417108,59117
Torrente 2: Misión en Marbella,2001,tt0257231,1284
Torrente 5: Operación Eurovegas,2014,tt3321428,254869
El rey león,1994,tt0110357,8587
Los crímenes de Oxford,2008,tt0488604,12245
Blow,2001,tt0221027,4133
El rey león 2: El tesoro de Simba,1998,tt0120131,9732
El francotirador,2014,tt2179136,190859
El rey león 3: Hakuna Matata,2004,tt0318403,11430
Atlantis: El imperio perdido,2001,tt0230011,10865
Ice Age: La edad de hielo,2002,tt0268380,425
Ice Age 2: El deshielo,2006,tt0438097,950
Ice Age 3: El origen de los dinosaurios,2009,tt1080016,8355
Los pingüinos de Madagascar,2014,tt1911658,270946
Pequeños guerreros,1998,tt0122718,11551
La Liga de los Hombres Extraordinarios,2003,tt0311429,8698
La cosecha,2007,tt0444682,1683
Dos tontos muy tontos,1994,tt0109686,8467
Space Jam,1996,tt0117705,2300
Ace Ventura: Un detective diferente,1994,tt0109040,3049
Al filo del mañana,2014,tt1631867,137113
Gremlins,1984,tt0087363,927
Fast & Furious 7,2015,tt2820852,168259
El séptimo hijo,2014,tt1121096,68737
La familia Addams,1991,tt0101272,2907
Ninja Turtles,2014,tt1291150,98566
La máscara,1994,tt0110475,854
The Mechanic,2011,tt0472399,27582
Mentiroso compulsivo,1997,tt0119528,1624
Alex Rider: Operación Stormbreaker,2006,tt0457495,9978
"Yo, 'El Vaquilla'",1985,tt0090354,189312
Los Cazafantasmas,1984,tt0087332,620
"Yo, yo mismo e Irene",2000,tt0183505,2123
Zoolander,2001,tt0196229,9398
Starsky & Hutch,2004,tt0335438,9384
La deuda,2010,tt1226753,48289
Un loco a domicilio,1996,tt0115798,9894
La sombra del diablo,1997,tt0118972,4477
Bolt,2008,tt0397892,13053
Men in Black II,2002,tt0120912,608
Predestination,2014,tt2397535,206487
El increíble Burt Wonderstone,2013,tt0790628,124459
Jurassic World,2015,tt0369610,135397
Philip Morris ¡Te quiero!,2009,tt1045772,8952
"Dios mío, ¿pero qué te hemos hecho?",2014,tt2800240,262391
Tiburón,1975,tt0073195,578
Vamos de polis,2014,tt1924435,193893
Cincuenta sombras de Grey,2015,tt2322441,216015
Matrimonio compulsivo,2007,tt0408839,9038
Austin Powers: La espía que me achuchó,1999,tt0145660,817
Focus,2015,tt2381941,256591
The Crash Reel,2013,tt2499076,159138
Centurión,2010,tt1020558,23759
Ciudadano X,1995,tt0112681,12554
El cartero siempre llama dos veces,1981,tt0082934,11027
El jinete pálido,1985,tt0089767,8879
Narc,2002,tt0272207,11022
San Andrés,2015,tt2126355,254128
Spanglish,2004,tt0371246,2539
Ahora o nunca,2015,tt4161962,300601
Los chicos del maíz,1984,tt0087050,10823
Kingsman: Servicio secreto,2014,tt2802144,207703
Madagascar,2005,tt0351283,953
Madagascar 2,2008,tt0479952,10527
Messi,2014,tt3538766,283317
Annabelle,2014,tt3322940,250546
Madagascar 3: De marcha por Europa,2012,tt1277953,80321
L.A. Confidential,1997,tt0119488,2118
The Eye,2008,tt0406759,9030
Anacleto: Agente secreto,2015,tt3510480,284514
El mensajero,2013,tt0882977,134411
Hacia rutas salvajes,2007,tt0758758,5915
Pandorum,2009,tt1188729,19898
Niños grandes 2,2013,tt2191701,109418
Black Mass: Estrictamente criminal,2015,tt1355683,261023
Insidious,2015,tt3195644,280092
"Yo, Frankenstein",2014,tt1418377,100241
Don Jon,2013,tt2229499,138697
Los minions,2015,tt2293640,211672
Hotel Transilvania,2012,tt0837562,76492
Riddick,2013,tt1411250,87421
Lucy,2014,tt2872732,240832
El puente de los espías,2015,tt3682448,296098
Los Picapiedra,1994,tt0109813,888
Ant-Man,2015,tt0478970,102899
Blue Jasmine,2013,tt2334873,160588
El hombre de acero,2013,tt0770828,49521
La gran apuesta,2015,tt1596363,318846
4 Fantásticos,2015,tt1502712,166424
La batalla de Argel,1966,tt0058946,17295
Arac Attack,2002,tt0271367,8869
Los caballeros de la mesa cuadrada y sus locos seguidores,1975,tt0071853,762
Europa Europa,1990,tt0099776,8996
Hotel Transilvania 2,2015,tt2510894,159824
El imperio contraataca,1980,tt0080684,1891
Star Wars: Episodio II - El ataque de los clones,2002,tt0121765,1894
Star Wars: Episodio I - La amenaza fantasma,1999,tt0120915,1893
La guerra de las galaxias,1977,tt0076759,11
El retorno del jedi,1983,tt0086190,1892
El becario,2015,tt2361509,257211
Everest,2015,tt2719848,253412
Donnie Brasco,1997,tt0119008,9366
Algunos hombres buenos,1992,tt0104257,881
Pixels,2015,tt2120120,257344
El guerrero pacífico,2006,tt0438315,13689
No es otra estúpida película americana,2001,tt0277371,11397
Kick-Ass: Listo para machacar,2010,tt1250777,23483
Deadpool,2016,tt1431045,293660
Juno,2007,tt0467406,7326
Operación U.N.C.L.E.,2015,tt1638355,203801
Ocho apellidos catalanes,2015,tt3626742,348537
Batman v Superman: El amanecer de la justicia,2016,tt2975590,209112
Arma fatal,2007,tt0425112,4638
Alvin y las ardillas,2007,tt0952640,6477
Rocky II,1979,tt0079817,1367
Rocky III,1982,tt0084602,1371
Creep,2004,tt0381966,8555
Rocky IV,1985,tt0089927,1374
Rocky V,1990,tt0100507,1375
Rocky Balboa,2006,tt0479143,1246
Superhero Movie,2008,tt0426592,11918
Caminando entre las tumbas,2014,tt0365907,169917
Exodus: Dioses y reyes,2014,tt1528100,147441
La princesa Mononoke,1997,tt0119698,128
Asesinos natos,1994,tt0110632,241
Chappie,2015,tt1823672,198184
El imperio del sol,1987,tt0092965,10110
¿Para qué sirve un oso?,2011,tt1735945,71429
Full Monty,1997,tt0119164,9427
Tesis,1996,tt0117883,9299
Ahora los padres son ellos,2010,tt0970866,39451
El libro de la selva,2016,tt3040964,278927
Casi 300,2008,tt1073498,7278
El mundo de los perdidos,2009,tt0457400,18162
Regreso al futuro,1985,tt0088763,105
En busca del arca perdida,1981,tt0082971,85
El dormilón,1973,tt0070707,11561
La mano que mece la cuna,1992,tt0104389,11087
Austin Powers: Misterioso agente internacional,1997,tt0118655,816
Warcraft: El origen,2016,tt0803096,68735
"Caballeros, princesas y otras bestias",2011,tt1240982,38319
El año de la garrapata,2004,tt0416492,24817
Cube 2: Hypercube,2002,tt0285492,437
Redada asesina,2011,tt1899353,94329
Creed. La leyenda de Rocky,2015,tt3076658,312221
"Kiss Kiss, Bang Bang",2005,tt0373469,5236
Torrente: El brazo tonto de la ley,1998,tt0120868,1283
Torrente Presidente,2026,tt37969901,1217584
Rocky,1976,tt0075148,1366
Club Desmadre,2004,tt0331953,11217
Kung Fu Panda 3,2016,tt2267968,140300
Regresión,2015,tt3319920,241257
Piratas del Caribe: El cofre del hombre muerto,2006,tt0383574,58
Infiltrados en la universidad,2014,tt2294449,187017
Jason Bourne,2016,tt4196776,324668
El legado de Bourne,2012,tt1194173,49040
El doble del diablo,2011,tt1270262,62630
La leyenda de Tarzán,2016,tt0918940,258489
La quinta ola,2016,tt2304933,299687
Vicky Cristina Barcelona,2008,tt0497465,5038
Death Proof,2007,tt1028528,1991
Líbranos del mal,2014,tt2377322,184346
El día de la bestia,1995,tt0112922,10722
Zoolander No. 2,2016,tt1608290,329833
El jovencito Frankenstein,1974,tt0072431,3034
(500) días juntos,2009,tt1022603,19913
Escuadrón suicida,2016,tt1386697,297761
Romeo y Julieta de William Shakespeare,1996,tt0117509,454
Calabria,2014,tt3894190,283707
La vaquilla,1985,tt0090250,71799
Días de radio,1987,tt0093818,30890
2 Guns,2013,tt1272878,136400
Sully,2016,tt3263904,363676
Airbag,1997,tt0115487,21700
Planeta Tierra: ¿Somos historia?,2016,tt5929776,410718
Asesinos de élite,2011,tt1448755,49021
El clan de los irlandeses,1990,tt0100685,1662
Braindead: tu madre se ha comido a mi perro,1992,tt0103873,763
"Kiki, el amor se hace",2016,tt4922692,370978
Animales fantásticos y dónde encontrarlos,2016,tt3183660,259316
Pacific Rim,2013,tt1663662,68726
Un espía y medio,2016,tt1489889,302699
Top Secret!,1984,tt0088286,8764
Un pez llamado Wanda,1988,tt0095159,623
Immortals,2011,tt1253864,37958
La escopeta nacional,1978,tt0076001,116312
Ha vuelto,2015,tt4176826,318917
Ice Age: El gran cataclismo,2016,tt3416828,278154
Múltiple,2016,tt4972582,381288
Aladdín y el rey de los ladrones,1996,tt0115491,11238
El planeta de los simios,2001,tt0133152,869
Pa negre,2010,tt1454523,57521
Los hombres libres de Jones,2016,tt1124037,316152
Tarde para la ira,2016,tt4771896,411638
Le llaman Bodhi,1991,tt0102685,1089
American pie - Fraternidad Beta,2007,tt0974959,8277
Los siete magníficos,2016,tt2404435,333484
La pantera rosa 2,2009,tt0838232,15159
Angry Birds: La película,2016,tt1985949,153518
Mascots,2016,tt4936176,368993
Los colegas del barrio,1996,tt0116126,10607
Kong: La Isla Calavera,2017,tt3731562,293167
Marley,2012,tt1183919,90125
Fiesta de empresa,2016,tt1711525,384682
Iverson,2014,tt2088745,266442
Fast & Furious 8,2017,tt4630562,337339
The Equalizer. El protector,2014,tt0455944,156022
Juego de armas,2016,tt2005151,308266
Alien: Covenant,2017,tt2316204,126889
League of Gods,2016,tt5481184,406429
Piratas del Caribe: La venganza de Salazar,2017,tt1790809,166426
¡Canta!,2016,tt3470600,335797
Logan,2017,tt3315342,263115
La guerra del planeta de los simios,2017,tt3450958,281338
Supermaderos,2001,tt0247745,39939
Passengers,2016,tt1355644,274870
It,2017,tt1396484,346364
El último cazador de brujas,2015,tt1618442,274854
La cabaña en el bosque,2011,tt1259521,22970
Annabelle: Creation,2017,tt5140878,396422
Barry Seal: El traficante,2017,tt3532216,337170
El secreto de Marrowbone,2017,tt5886440,399366
Star Wars: Los últimos jedi,2017,tt2527336,181808
Star Wars: El despertar de la Fuerza,2015,tt2488496,140607
Déjame salir,2017,tt5052448,419430
No respires,2016,tt4160708,300669
Expediente Warren: El caso Enfield,2016,tt3065204,259693
De boda en boda,2005,tt0396269,9522
Insidious: La última llave,2018,tt5726086,406563
La forma del agua,2017,tt5580390,399055
Mute,2018,tt1464763,401371
Resident Evil 2: Apocalipsis,2004,tt0318627,1577
Resident Evil: Extinción,2007,tt0432021,7737
Resident Evil: Ultratumba,2010,tt1220634,35791
Resident Evil,2002,tt0120804,1576
Tomb Raider,2018,tt1365519,338970
Detroit,2017,tt5390504,407448
Ready Player One,2018,tt1677720,333339
La invitación,2015,tt2400463,306947
El bosque de los suicidios,2016,tt3387542,329440
Capitán América: Civil War,2016,tt3498820,271110
Infierno azul,2016,tt4052882,332567
Un lugar tranquilo,2018,tt6644200,447332
Han Solo: Una historia de Star Wars,2018,tt3778644,348350
Jurassic World: El reino caído,2018,tt4881806,351286
Black Panther,2018,tt1825683,284054
Juego de ladrones: El atraco perfecto,2018,tt1259528,449443
Ip Man: La leyenda,2010,tt1641638,44249
Blair Witch,2016,tt1540011,351211
La playa,2000,tt0163978,1907
La fiesta de las salchichas,2016,tt1700841,223702
La espada del inmortal,2017,tt5084170,426284
Emelie,2015,tt4503598,329010
The Bourne Identity: El caso Bourne,2002,tt0258463,2501
La mansión,2017,tt7029854,437739
Misión: Imposible - Fallout,2018,tt4912910,353081
Session 9,2001,tt0261983,10972
Deadpool 2,2018,tt5463162,383498
First Man - El primer hombre,2018,tt1213641,369972
Malas calles,1973,tt0070379,203
Ha nacido una estrella,2018,tt1517451,332562
Animales fantásticos: Los crímenes de Grindelwald,2018,tt4123430,338952
Hannibal,2001,tt0212985,9740
Mortal Engines,2018,tt1571234,428078
Bird Box: A ciegas,2018,tt2737304,405774
Glass,2019,tt6823368,450465
Life: Vida,2017,tt5442430,395992
Contagio,2011,tt1598778,39538
Cars 3,2017,tt3606752,260514
Expediente 39,2009,tt0795351,28355
Polar,2019,tt4139588,483906
La balada de Buster Scruggs,2018,tt6412452,537996
Aladdín,2019,tt6139732,420817
Es por tu bien,2017,tt5790492,435050
Spider-Man: Lejos de casa,2019,tt6320628,429617
Baby Driver,2017,tt3890160,339403
Alita: Ángel de combate,2019,tt0437086,399579
Nosotros,2019,tt6857112,458723
Campeones,2018,tt6793580,456929
Venom,2018,tt1270797,335983
It: Capítulo 2,2019,tt7349950,474350
Cuando llama un extraño,2006,tt0455857,10053
The Karate Kid,2010,tt1155076,38575
Ad Astra,2019,tt2935510,419704
Creep,2014,tt2428170,250574
Creep 2,2017,tt3654796,396493
Mientras dure la guerra,2019,tt7818580,542921
Doctor Sueño,2019,tt5606664,501170
Maestro del crimen,2017,tt4633690,339692
El hombre de las mil caras,2016,tt1713440,361777
Fractura,2019,tt4332232,568091
Star Wars: El ascenso de Skywalker,2019,tt2527338,181812
Divergente,2014,tt1840309,157350
El rey león,2019,tt6105098,420818
Los dos Papas,2019,tt8404614,551332
Hogar,2020,tt9345754,674944
Virus,2013,tt2351310,200085
El declive,2020,tt10307440,674607
The Silence,2019,tt7315484,527261
La morada del miedo,2005,tt0384806,10065
El hoyo,2019,tt8228288,619264
Onward,2020,tt7146812,508439
Searching...,2018,tt7668870,489999
Invencible,2014,tt1809398,227306
Hater,2020,tt9506474,590854
No dormirás,2018,tt7158686,496212
Tenet,2020,tt6723592,577922
Los extraños: Cacería nocturna,2018,tt1285009,371608
John Wick,2014,tt2911666,245891
John Wick: Pacto de sangre,2017,tt4425200,324552
John Wick: Capítulo 3 - Parabellum,2019,tt6146586,458156
"Alien, el octavo pasajero",1979,tt0078748,348
Midsommar,2019,tt8772262,530385
Train to Busan,2016,tt5700672,396535
Bajocero,2021,tt9845564,587996
Kin,2018,tt6017942,425505
Rocketman,2019,tt2066051,504608
Adú,2020,tt9616700,588009
La maldición de Lake Manor,2019,tt4925340,600184
Greenland: El último refugio,2020,tt7737786,524047
Akelarre,2020,tt9916362,655187
La casa al final de la calle,2012,tt1582507,82505
Aliens: El regreso,1986,tt0090605,679
Géminis,2019,tt1025100,453405
Ejército de los muertos,2021,tt0993840,503736
A descubierto,2021,tt10451914,775996
La entrega,2014,tt1600196,154400
La Purga: Infinita,2021,tt10327252,602223
Malasaña 32,2020,tt10952782,639798
Lo que el pulpo me enseñó,2020,tt12888462,682110
El dragón de los deseos,2021,tt5562070,550205
Tiempo,2021,tt10954652,631843
Cementerio de animales,2019,tt0837563,157433
Shang-Chi y la leyenda de los diez anillos,2021,tt9376612,566525
La noche más oscura,2012,tt1790885,97630
BAC Nord: Brigada de Investigación Criminal,2020,tt10404944,637534
Eternals,2021,tt9032400,524434
Bad Boys for Life,2020,tt1502397,38700
Thor: Ragnarok,2017,tt3501632,284053
Thor,2011,tt0800369,10195
Thor: El mundo oscuro,2013,tt1981115,76338
Descarrilados,2021,tt12610584,772388
Matrix,1999,tt0133093,603
The Batman,2022,tt1877830,414906
La matanza de Texas,2022,tt11755740,632727
Uncharted,2022,tt1464335,335787
El diablo a todas horas,2020,tt7395114,499932
Doctor Strange en el multiverso de la locura,2022,tt9419884,453395
La familia perfecta,2021,tt11924738,826241
El hombre del norte,2022,tt11138512,639933
Jurassic World: Dominion,2022,tt8041270,507086
Malnazidos,2020,tt10127708,613093
Turno de día,2022,tt13314558,755566
Pequeños detalles,2021,tt10016180,602269
Smile,2022,tt15474916,882598
Alpha,2018,tt4244998,399360
Vivarium,2019,tt8368406,458305
El apóstol,2018,tt6217306,424121
Tarzán,1999,tt0120855,37135
Stutz,2022,tt21819228,799375
Llaman a la puerta,2023,tt15679400,631842
Avatar: El sentido del agua,2022,tt1630029,76600
Los extraños,2023,tt16437278,1063422
The Owners,2020,tt9806370,659986
Infiesto,2023,tt15789492,1072567
El regalo,2015,tt4178092,328425
Babylon,2022,tt10640346,615777
Reptiles,2023,tt13274016,866463
Napoleón,1927,tt0018192,42536
Barbie,2023,tt1517268,346698
El asesino,2023,tt1136617,800158
300: El origen de un imperio,2014,tt1253863,53182
Beekeeper: El protector,2024,tt15314262,866398
Beau tiene miedo,2023,tt13521006,798286
De perdidos a Río,2023,tt16058152,932308
"No te preocupes, querida",2022,tt10731256,619730
La mesita del comedor,2022,tt21874760,1056380
La hora de la venganza,2017,tt5460530,397415
"Amor, acoso, asesinato",2024,tt30852970,1229958
El mochilero del hacha,2023,tt24509990,1061117
Kung Fu Panda 4,2024,tt21692408,1011985
Barbarian,2022,tt15791034,913290
Joker: Folie à Deux,2024,tt11315808,889737
La trampa,2024,tt26753003,1032823
Los horrores de Caddo Lake,2024,tt15552142,863873
Serenity,2005,tt0379786,16320
Zombies Party,2004,tt0365748,747
Mufasa: El rey león,2024,tt13186482,762509
El muro negro,2025,tt31806049,1425045
Intrusión,2021,tt5563324,785752
Equipaje de mano,2024,tt21382296,1005331
El experimento del sueño,2023,tt14729020,1140648
Ad Vitam,2025,tt32138452,1261501
The Equalizer 2,2018,tt3766354,345887
Smile 2,2024,tt29268110,1100782
No mires arriba,2021,tt11286314,646380
Protegidos por su enemigo,2008,tt0947802,13279
El proyecto Adam,2022,tt2463208,696806
Los pecadores,2025,tt31193180,1233413
Sisu,2022,tt14846026,840326
"Baila, Vini",2025,tt34682248,1390394
28 años después,2025,tt10548174,1100988
The Equalizer 3,2023,tt17024450,926393
Jurassic World: El renacer,2025,tt31036941,1234821
No te muevas,2024,tt24807110,1063877
Thunderbolts*,2025,tt20969586,986056
The Voices,2014,tt1567437,244458
Terminagolf 2,2025,tt31868189,1263256
Weapons,2025,tt26581740,1078605
Predator: La presa,2022,tt11866324,766507
IO,2019,tt3256226,433249
Avatar: Fuego y ceniza,2025,tt1757678,83533
Predator: Badlands,2025,tt31227572,1242898
Depredador 2,1990,tt0100403,169
Predators,2010,tt1424381,34851
Alien: Romulus,2024,tt18412256,945961
Outcome,2026,tt23724682,1049471
Toy Story 5,2026,tt29355505,1084244
Gladiator II,2024,tt9218128,558449
Beau travail,1999,tt0209933,14626
Cantando bajo la lluvia,1952,tt0045152,872
La regla del juego,1939,tt0031885,776
Un falso despertar,1943,tt0036154,27040
Primer plano,1990,tt0100234,30017
Primavera tardía,1949,tt0041154,20530
Playtime,1967,tt0062136,10227
La noche del cazador,1955,tt0048424,3112
Las margaritas,1966,tt0060959,46919
Fellini 8½,1963,tt0056801,422
L'atalante,1934,tt0024844,43904
La canción del camino,1955,tt0048473,5801
Killer of Sheep,1978,tt0076263,27432
Wanda,1970,tt0067961,80560
Los 400 golpes,1959,tt0053198,147
News from Home,1976,tt0076452,86814
El desprecio,1963,tt0057345,266
Sans Soleil,1983,tt0084628,1563
Daughters of the Dust,1991,tt0104057,68427
Touki Bouki,1973,tt0070820,77771
Andrei Rublev,1966,tt0060107,895
El muelle,1962,tt0056119,662
La aventura,1960,tt0053619,5165
Te querré siempre,1954,tt0046511,2748
El intendente Sansho,1954,tt0047445,20532
Imitación a la vida,1959,tt0052918,34148
A vida o muerte,1946,tt0038733,28162
Celine y Julie van en barco,1974,tt0071381,27019
Un día de verano,1991,tt0101985,15804
El espíritu de la colmena,1973,tt0070040,4495
"Pierrot, el loco",1965,tt0059592,2786
Chungking Express,1994,tt0109424,11104
El gatopardo,1963,tt0057091,1040
Madame de...,1953,tt0046022,27030
Un condenado a muerte se ha escapado,1956,tt0049902,15244
Black Girl,1966,tt0060758,95597
Tropical Malady,2004,tt0381668,11534
Sin techo ni ley,1985,tt0089960,44018
La casa es negra,1963,tt0336693,44065
Río Bravo,1959,tt0053221,301
La maman et la putain,1973,tt0070359,48693
La fiera de mi niña,1938,tt0029947,900
Fresas salvajes,1957,tt0050986,614
El mago de Oz,1939,tt0032138,630
Amenaza en la sombra,1973,tt0069995,931
Nashville,1975,tt0073440,3121
Una mujer bajo la influencia,1974,tt0072417,29845
El conformista,1970,tt0065571,8416
"Aguirre, la cólera de Dios",1972,tt0068182,2000
Solo los ángeles tienen alas,1939,tt0031762,43832
Los paraguas de Cherburgo,1964,tt0058450,5967
Johnny Guitar,1954,tt0047136,26596
El color de la granada,1969,tt0063555,26302
La ascensión,1977,tt0075404,50183
Luna nueva,1940,tt0032599,3085
Lawrence de Arabia,1962,tt0056172,947
Gertrud,1964,tt0058138,34181
Sólo el cielo lo sabe,1955,tt0047811,43316
El ratero,1959,tt0053168,690
El séptimo sello,1957,tt0050976,490
Un ladrón en la alcoba,1932,tt0023622,195
Sambizanga,1972,tt0069214,87392
Grupo salvaje,1969,tt0065214,576
Los niños del paraíso,1945,tt0037674,2457
La ciénaga,2001,tt0240419,58429
Chinatown,1974,tt0071315,829
La gran ilusión,1937,tt0028950,777
India Song,1975,tt0073166,85927
La bruja vampiro,1932,tt0023649,779
The Watermelon Woman,1996,tt0118125,44479
La estrella oculta,1960,tt0054073,59239
Días del cielo,1978,tt0077405,16642
West Indies,1979,tt0080125,271858
Retorno al pasado,1947,tt0039689,678
Amarcord,1973,tt0071129,7857
El Evangelio según san Mateo,1964,tt0058715,24192
¿Dónde está la casa de mi amigo?,1987,tt0093342,49964
Ciudad doliente,1989,tt0096908,49982
Orlando,1992,tt0107756,9300
Al oeste de los raíles,2002,tt0389448,86282
El cuarto mandamiento,1942,tt0035015,965
"Hiroshima, mon amour",1959,tt0052893,5544
Carta de una desconocida,1948,tt0040536,946
Charulata. La esposa solitaria,1964,tt0057935,35790
El desierto rojo,1964,tt0058003,26638
Narciso negro,1947,tt0039192,16391
Memorias del subdesarrollo,1968,tt0063291,47576
El ángel exterminador,1962,tt0056732,29264
Symbiopsychotaxiplasm: Take One,1968,tt0296881,44783
Out 1,1971,tt0246135,94528
El dinero,1983,tt0085180,42112
Las señoritas de Rochefort,1967,tt0062873,2433
Los pájaros,1963,tt0056869,571
El río,1951,tt0043972,45218
Tarde de otoño,1962,tt0056444,50759
Corrientes de amor,1984,tt0087644,52109
Avaricia,1924,tt0015881,1405
Sed eterna,1957,tt0050870,41053
Coronel Blimp,1943,tt0036112,25037
Wavelength,1967,tt0127354,88421
Sé a dónde voy,1945,tt0037800,56137
El eclipse,1962,tt0056736,21135
"Nosferatu, el vampiro",1922,tt0013442,653
Paisà,1946,tt0038823,8429
Zama,2017,tt3409848,326382
El tío Boonmee recuerda sus vidas pasadas,2010,tt1588895,38368
La mujer rubia,2008,tt1221141,8898
Paris Is Burning,1990,tt0100332,31225
Junto al mar azul,1936,tt0028436,110733
Breve encuentro,1945,tt0037558,851
Suspiria,1977,tt0076786,11906
En un lugar solitario,1950,tt0042593,17057
El ejército de las sombras,1969,tt0064040,15383
Veinte años después,1984,tt0134402,86320
Pink Flamingos,1972,tt0069089,692
Limite,1931,tt0022080,8353
Harlan County U.S.A.,1976,tt0074605,33324
Intolerancia,1916,tt0006864,3059
The Hour of the Furnaces,1968,tt0063084,89681
Europa '51,1952,tt0043511,41464
Y el mundo marcha,1928,tt0018806,3061
Un toque de zen,1971,tt0064451,44154
"Yo, tú, él, ella",1974,tt0071690,93934
Petite maman,2021,tt13204490,749004
"En el camino, de cuando en cuando, vislumbré breves momentos de belleza",2000,tt0262240,130824
Flores de Shanghai,1998,tt0156587,45935
Happy Together,1997,tt0118845,18329
Crash,1996,tt0115964,884
Blue,1993,tt0106438,94794
El rayo verde,1986,tt0091830,54898
Born in Flames,1983,tt0085267,36832
La caja de Pandora,1929,tt0018737,905
Los viajes de Sullivan,1941,tt0034240,16305
La tierra,1930,tt0021571,46594
Pasión de los fuertes,1946,tt0038762,3088
Mouchette,1967,tt0061996,1561
Un cuento de Canterbury,1944,tt0036695,15696
Soleil Ô,1970,tt0062285,195841
Voces distantes,1988,tt0095037,41799
Nostalgia de la luz,2010,tt1556190,72721
El intruso,2004,tt0422491,47143
Morvern Callar,2002,tt0300214,18602
In Vanda's Room,2000,tt0139500,87063
El sabor de las cerezas,1997,tt0120265,30020
El último,1924,tt0015064,5991
La larga marcha,2025,tt10374610,604079
La Odisea,2026,tt33764258,1368337
Primate,2025,tt33028778,1315303
Laberinto en llamas,2025,tt21103218,1236470
Election: La noche de las bestias,2016,tt4094724,316727
La matanza de Texas,2003,tt0324216,9373
Notorious,2009,tt0472198,14410
Funny Games,2007,tt0808279,8461
El Niño,2014,tt2093990,247182
